id,reference,createdat,publishedby,title,alphabetisationletter,year,includesdatadashboard
7950,POST PN 236,2005-02-01,3,"Bushmeat trade,February 2005",B,2017,false
7951,POST PN 237,2005-02-01,3,"Managing the UK plutonium stockpile,February 2005",M,2017,false
7952,POST PN 235,2005-01-01,3,"Data protection and medical research,January 2005",D,2017,false
7953,POST PN 233,2004-12-01,3,"Digital television,December 2004",D,2017,false
7954,POST PN 234,2004-12-01,3,"Marine nature conservation,December 2004",M,2017,false
7955,POST PN 232,2004-11-01,3,"UK health impacts of climate change,November 2004",U,2017,false
7956,POST PN 230,2004-10-01,3,"Future of UK gas supplies,October 2004",F,2017,false
7957,POST PN 231,2004-10-01,3,"Organ transplants,October 2004",O,2017,false
7958,POST PN 228,2004-09-01,3,"Drug tests,September 2004",D,2017,false
7959,POST PN 229,2004-09-01,3,"EU chemicals policy,September 2004",E,2017,false
7960,POST PN 223,2004-07-01,3,"Strategic environmental assessment (SEA),July 2004",S,2017,false
7961,POST PN 224,2004-07-01,3,"European research area,July 2004",E,2017,false
7962,POST PN 225,2004-07-01,3,"Radio frequency identification,July 2004",R,2017,false
7963,POST PN 226,2004-07-01,3,"Dyslexia and dyscalculia,July 2004",D,2017,false
7964,POST PN 227,2004-07-01,3,"NHS genetic testing,July 2004",N,2017,false
7965,POST PN 222,2004-07-01,3,"Assessing the risk of terrorist attacks on nuclear facilities, report, July 2004",A,2017,false
7966,POST PN 219,2004-06-01,3,"Vaccines and public health,June 2004",V,2017,false
7967,POST PN 220,2004-06-01,3,"Handling uncertainty in scientific advice,June 2004",H,2017,false
7968,POST PN 221,2004-06-01,3,"Regulating stem cell therapies,June 2004",R,2017,false
7969,POST PN 218,2004-05-01,3,"Speed cameras,May 2004",S,2017,false
7970,POST PN 217,2004-04-01,3,"Teenage sexual health,April 2004",T,2017,false
7971,POST PN 216,2004-03-01,3,"Scientific capacity in developing countries,March 2004",S,2017,false
7972,POST PN 214,2004-02-01,3,"New NHS IT,February 2004",N,2017,false
7973,POST PN 215,2004-02-01,3,"Openness and animal procedures,February 2004",O,2017,false
7974,POST PN 211,2004-01-01,3,"GM crops in the UK,January 2004",G,2017,false
7975,POST PN 212,2004-01-01,3,"Environmental policy and innovation,January 2004",E,2017,false
7976,POST PN 213,2004-01-01,3,"Climate change and business,January 2004",C,2017,false
7977,POST PN 209,2003-12-01,3,"Modern methods of house building,December 2003",M,2017,false
7978,POST PN 208,2003-12-01,3,"Nuclear energy option in the UK,December 2003",N,2017,false
7979,POST PN 210,2003-12-01,3,"HIV/AIDS in developing countries,December 2003",H,2017,false
7980,POST PN 204,2003-10-01,3,"Reform of mental health legislation,October 2003",R,2017,false
7981,POST PN 206,2003-10-01,3,"Smoking in public places,October 2003",S,2017,false
7982,POST PN 201,2003-09-01,3,"Chewing gum litter, September 2003",C,2017,false
7983,POST PN 202,2003-09-01,3,"Primary science,September 2003",P,2017,false
7984,POST PN 203,2003-09-01,3,Security of electricity supplies,S,2017,false
7985,POST PN 205,2003-09-01,3,"Childhood obesity,September 2003",C,2017,false
7986,POST PN 198,2003-07-01,3,"Sex selection,July 2003",S,2017,false
7987,POST PN 199,2003-07-01,3,"Improving children's diet,report summary,July 2003",I,2017,false
7988,POST PN 200,2003-07-01,3,"Government IT projects,report summary,July 2003",G,2017,false
7989,POST PN 196,2003-06-01,3,"Science in policy,June 2003",S,2017,false
7990,POST PN 197,2003-06-01,3,"Aircraft noise,June 2003",A,2017,false
7991,POST PN 195,2003-04-01,3,"Aviation and the environment,report summary,April 2003",A,2017,false
7992,POST PN 194,2003-03-01,3,"Medical self-test kits,March 2003",M,2017,false
7993,POST PN 153,2001-03-01,3,Open channels,O,2017,false
7994,POST PN 140,2000-06-01,3,Early years learning,E,2017,false
7995,POST PN 128,1999-07-01,3,Marine science and technology,M,2017,false
7996,POST PN 125,1999-03-01,3,"Non-food crops;POST note,125",N,2017,false
7997,POST PN 122,1998-12-01,3,"Organo-phosphorus;POST note,122",O,2017,false
7998,POST PN 121,1998-12-01,3,"Living in the greenhouse;POST report summary,121",L,2017,false
7999,POST PN 120,1998-11-01,3,"Nuclear fusion update;POST note,120",N,2017,false
8000,POST PN 119,1998-10-01,3,"Health claims and foods;POST note,119",H,2017,false
8001,POST PN 118,1998-07-01,3,"Anti-HIV drugs;POST note,118",A,2017,false
8002,POST PN 117,1998-07-01,3,"Brown and pleasant land;POST report summary,117",B,2017,false
8003,POST PN 116,1998-06-01,3,"Clean licence;POST note,116",C,2017,false
8004,POST PN 115,1998-05-01,3,Genetically modified foods;POST report,G,2017,false
8005,POST PN 114,1998-04-01,3,Internet commerce;POST technical report 114,I,2017,false
8006,POST PN 113,1998-03-01,3,"Cannabis update;POST note,113",C,2017,false
8007,POST PN 112,1998-03-01,3,"Electronic road charging;POST note,112",E,2017,false
8008,POST PN 110,1998-02-01,3,Electronic government,E,2017,false
8009,POST PN 111,1998-02-01,3,"Chemical and biological weapons;POST note,111",C,2017,false
8010,POST PN 108,1998-01-01,3,"Hormone mimicking chemicals;POST technical report, 108",H,2017,false
8011,POST PN 109,1998-01-01,3,"Health risks and mobile phones;POST note,109",H,2017,false
8012,POST PN 107,1997-12-01,3,Gulf war illness,G,2017,false
8013,POST PN 105,1997-11-01,3,"Vitamin B6;POST note,105",V,2017,false
8014,POST PN 106,1997-11-01,3,Radioactive waste;POST report summary 106,R,2017,false
8015,POST PN 103,1997-10-01,3,"BSE and CJD update;POST technical report,103",B,2017,false
8016,POST PN 104,1997-10-01,3,Safer eating,S,2017,false
8017,POST PN 100,1997-07-01,3,"Global warming;POST note,100",G,2017,false
8018,POST PN 101,1997-07-01,3,Bacterial food poisoning;POST note 101,B,2017,false
8019,POST PN 102,1997-07-01,3,"Ozone layer depletion and health;POST note,102",O,2017,false
8020,POST PN 98,1997-06-01,3,"Millennium threat an update;POST note,98",M,2017,false
8021,POST PN 99,1997-06-01,3,Striking a balance,S,2017,false
8022,POST PN 97,1997-06-01,3,Science shaping the future?,S,2017,false
8023,POST PN 95,2011-10-25,3,"Ecstasy recent science;POST note,95",E,2017,false
8024,POST PN 96,1997-03-01,3,"Getting opinion polls right;POST note,96",G,2017,false
8025,POST PN 92,1997-02-01,3,"Treating problem behaviour in children;POST technical report,92",T,2017,false
8026,POST PN 93,1997-02-01,3,"Fraud and computer data matching;POST note,93",F,2017,false
8027,POST PN 94,1997-02-01,3,"Fetal awareness;POST note,94",F,2017,false
8028,POST PN 91,1997-01-01,3,"Sustainable development theory and practice;POST note,91",S,2017,false
8029,POST PN 90,1997-01-01,3,Tunnel vision?,T,2017,false
8030,POST PN 88,1996-12-01,3,"Teaching science and maths;POST technical report,88",T,2017,false
8031,POST PN 89,1996-12-01,3,"Computer systems and the millennium;POST note,89",C,2017,false
8032,POST PN 87,1996-11-01,3,"Psychological evaluation and gun control;POST technical report,87",P,2017,false
8033,POST PN 84,1996-10-01,3,"Orimulsion and power stations;POST note,84",O,2017,false
8034,POST PN 83,1996-10-01,3,European Union and research,E,2017,false
8035,POST PN 85,1996-10-01,3,"BSE cull policies and the disease;POST technical report,85",B,2017,false
8036,POST PN 80,1996-06-01,3,Impacts on earth from space,I,2017,false
8037,POST PN 81,1996-06-01,3,Safety in numbers,S,2017,false
8038,POST PN 79,1996-05-01,3,Common illegal drugs and their effects,C,2017,false
8039,POST PN 78,1996-04-01,3,"BSE and CJD;POST technical report,78",B,2017,false
8040,POST PN 76,1996-03-01,3,"Patents research and technology;POST report summary,76",P,2017,false
8041,POST PN 77,1996-03-01,3,"Counterfeit banknotes;POST note,77",C,2017,false
8042,POST PN 74,1996-02-01,3,"Research institutes and prior options;POST note,74",R,2017,false
8043,POST PN 75,1996-02-01,3,Sea Empress oil spill;POST note 75.,S,2017,false
8044,POST PN 72,1996-01-01,3,"Ballistic missile defence;POST note,72",B,2017,false
8045,POST PN 73,2011-10-25,3,Looking down on earth,L,2017,false
8046,POST PN 71,1995-12-01,3,"1995 drought;POST technical report,71",1,2017,false
8047,POST PN 70,1995-11-01,3,Transport some issues in sustainability,T,2017,false
8048,POST PN 69,1995-11-01,3,Public attitudes to science,P,2017,false
8049,POST PN 68,1995-10-01,3,Minimal access keyhole surgery and its implications,M,2017,false
8050,POST PN 65,1995-07-01,3,"Oil rig disposal;POST note,65",O,2017,false
8051,POST PN 66,1995-07-01,3,Vaccines and their future role in public health,V,2017,false
8052,POST PN 64,1995-06-01,3,"Mobile telephone crime;POST note,64",M,2017,false
8053,POST PN 61,1995-05-01,3,"Global warming the state of the science;POST note,61",G,2017,false
8054,POST PN 62,1995-05-01,3,Information superhighways,I,2017,false
8055,POST PN 59,2014-03-25,3,Psychometric testing in the workplace,P,2017,false
8055,POST PN 59,2014-03-25,3,Psychometric testing in the workplace,P,2017,false
8056,POST PN 60,2014-03-25,3,Waste derived fuels and cement kilns,W,2017,false
8056,POST PN 60,2014-03-25,3,Waste derived fuels and cement kilns,W,2017,false
8057,POST PN 58,2014-03-25,3,Waste recycling,W,2017,false
8057,POST PN 58,2014-03-25,3,Waste recycling,W,2017,false
8058,POST PN 57,2014-03-25,3,Encouraging industrial R & D,E,2017,false
8058,POST PN 57,2014-03-25,3,Encouraging industrial R & D,E,2017,false
8059,POST PN 56,2014-03-25,3,Plant biotechnology - a consensus?,P,2017,false
8059,POST PN 56,2014-03-25,3,Plant biotechnology - a consensus?,P,2017,false
8060,POST PN 55,2014-03-25,3,Regulating biotechnology,R,2017,false
8060,POST PN 55,2014-03-25,3,Regulating biotechnology,R,2017,false
8061,POST PN 54,2014-03-25,3,Personal identification technologies,P,2017,false
8061,POST PN 54,2014-03-25,3,Personal identification technologies,P,2017,false
8062,POST PN 53,2014-03-25,3,Public sector research establishments,P,2017,false
8062,POST PN 53,2014-03-25,3,Public sector research establishments,P,2017,false
8063,POST PN 52,2014-03-25,3,World population growth,W,2017,false
8064,POST PN 51,2014-03-25,3,Nuclear safety in the former Soviet Union,N,2017,false
8064,POST PN 51,2014-03-25,3,Nuclear safety in the former Soviet Union,N,2017,false
8065,POST PN 50,2014-03-25,3,Research and NHS reforms,R,2017,false
8065,POST PN 50,2014-03-25,3,Research and NHS reforms,R,2017,false
8066,POST PN 46,2014-03-25,3,Heterosexual AIDS,H,2017,false
8066,POST PN 46,2014-03-25,3,Heterosexual AIDS,H,2017,false
8067,POST PN 44,2014-03-25,3,Screen violence,S,2017,false
8067,POST PN 44,2014-03-25,3,Screen violence,S,2017,false
8068,POST PN 43,2014-03-25,3,Road pricing,R,2017,false
8068,POST PN 43,2014-03-25,3,Road pricing,R,2017,false
8069,POST PN 42,2014-03-25,3,Carbon dioxide targets,C,2017,false
8069,POST PN 42,2014-03-25,3,Carbon dioxide targets,C,2017,false
8070,POST PN 41,2014-03-25,3,Biofuels for transport,B,2017,false
8070,POST PN 41,2014-03-25,3,Biofuels for transport,B,2017,false
8071,POST PN 40,2014-03-25,3,Nuclear fusion,N,2015,false
8071,POST PN 40,2014-03-25,3,Nuclear fusion,N,2015,false
8072,POST PN 38,2014-03-25,3,Clean coal technology,C,2015,false
8072,POST PN 38,2014-03-25,3,Clean coal technology,C,2015,false
8073,POST PN 36,2014-03-25,3,Diet & heart disease,D,2017,false
8073,POST PN 36,2014-03-25,3,Diet & heart disease,D,2017,false
8074,POST PN 35,2014-03-25,3,Disposal of the CIS nuclear weapons,D,2017,false
8074,POST PN 35,2014-03-25,3,Disposal of the CIS nuclear weapons,D,2017,false
8075,POST PN 34,2014-03-25,3,Telephone numbering,T,2017,false
8075,POST PN 34,2014-03-25,3,Telephone numbering,T,2017,false
8076,POST PN 33,2014-03-25,3,Global warming,G,2017,false
8076,POST PN 33,2014-03-25,3,Global warming,G,2017,false
8077,POST PN 32,2014-03-25,3,Renewable energy,R,2017,false
8077,POST PN 32,2014-03-25,3,Renewable energy,R,2017,false
8078,POST PN 31,2014-03-25,3,Sugar & health,S,2017,false
8078,POST PN 31,2014-03-25,3,Sugar & health,S,2017,false
8079,POST PN 30,2014-03-25,3,Legal protection of software,L,2017,false
8079,POST PN 30,2014-03-25,3,Legal protection of software,L,2017,false
8080,POST PN 29,2014-03-25,3,DNA profiling in forensic science,D,2017,false
8080,POST PN 29,2014-03-25,3,DNA profiling in forensic science,D,2017,false
8081,POST PN 28,2014-03-25,3,Babies and HIV infection,B,2017,false
8081,POST PN 28,2014-03-25,3,Babies and HIV infection,B,2017,false
8082,POST PN 27,2014-03-25,3,Microbes in food,M,2017,false
8082,POST PN 27,2014-03-25,3,Microbes in food,M,2017,false
8083,POST PN 26,2014-03-25,3,Patenting life,P,2017,false
8083,POST PN 26,2014-03-25,3,Patenting life,P,2017,false
8084,POST PN 25,2014-03-25,3,World population,W,2017,false
8084,POST PN 25,2014-03-25,3,World population,W,2017,false
8085,POST PN 24,2014-03-25,3,High definition TV,H,2017,false
8085,POST PN 24,2014-03-25,3,High definition TV,H,2017,false
8086,POST PN 22,2014-03-25,3,British Technology Group,B,,false
8086,POST PN 22,2014-03-25,3,"British Technology Group;POST briefing note,22",B,,false
8087,POST PN 23,2014-03-25,3,Oil fires in Kuwait - an update,O,2017,false
8087,POST PN 23,2014-03-25,3,Oil fires in Kuwait - an update,O,2017,false
8088,POST PN 21,2014-03-25,3,Oil fires in Kuwait,O,,false
8088,POST PN 21,2014-03-25,3,"Oil fires in Kuwait;POST briefing note,21",O,,false
8089,POST PN 20,2014-03-25,3,Safety critical systems,S,,false
8089,POST PN 20,2014-03-25,3,"Safety critical systems;POST briefing note,20",S,,false
8090,POST PN 19,2014-03-25,3,Proliferation control,P,2025,false
8090,POST PN 19,2014-03-25,3,Proliferation control,P,2025,false
8091,POST PN 18,2014-03-25,3,Antarctica,A,2025,false
8091,POST PN 18,2014-03-25,3,Antarctica,A,2025,false
8092,POST PN 17,2014-03-25,3,National curriculum & A level sciences,N,2025,false
8092,POST PN 17,2014-03-25,3,National curriculum & A level sciences,N,2025,false
8093,POST PN 16,2014-03-25,3,Global warming,G,2025,false
8093,POST PN 16,2014-03-25,3,Global warming,G,2025,false
8094,POST PN 15,2014-03-25,3,Understanding the human genome,U,2025,false
8094,POST PN 15,2014-03-25,3,Understanding the human genome,U,2025,false
8095,POST PN 14,2014-03-25,3,BSE & slow viruses,B,2025,false
8095,POST PN 14,2014-03-25,3,BSE & slow viruses,B,2025,false
8096,POST PN 13,2014-03-25,3,Optical fibre networks,O,2025,false
8096,POST PN 13,2014-03-25,3,Optical fibre networks,O,2025,false
8097,POST PN 12,2014-03-25,3,Superconductivity,S,2025,false
8097,POST PN 12,2014-03-25,3,Superconductivity,S,2025,false
8098,POST PN 10,2014-03-25,3,Release of GMOs,R,2025,false
8098,POST PN 10,2014-03-25,3,Release of GMOs,R,2025,false
8099,POST PN 11,2014-03-25,3,Energy efficiency,E,2025,false
8099,POST PN 11,2014-03-25,3,Energy efficiency,E,2025,false
8100,POST PN 9,2014-03-25,3,Computer misuse,C,2025,false
8100,POST PN 9,2014-03-25,3,Computer misuse,C,2025,false
8101,POST PN 8,2014-03-25,3,Drinking water quality,D,2025,false
8101,POST PN 8,2014-03-25,3,Drinking water quality,D,2025,false
8102,POST PN 7,2014-03-25,3,International space station,I,2025,false
8102,POST PN 7,2014-03-25,3,International space station,I,2025,false
8103,POST PN 6,2014-03-25,3,In vitro fertilisation & embryo research,I,2025,false
8103,POST PN 6,2014-03-25,3,In vitro fertilisation & embryo research,I,2025,false
8104,POST PN 5,2014-03-25,3,Decommissioning nuclear power stations,D,2025,false
8104,POST PN 5,2014-03-25,3,Decommissioning nuclear power stations,D,2025,false
8105,POST PN 4,2014-03-25,3,Implications of new technologies in clinical testing,I,2025,false
8105,POST PN 4,2014-03-25,3,Implications of new technologies in clinical testing,I,2025,false
8106,POST PN 3,2014-03-25,3,Landfill gas - public hazard or valuable resource?,L,2025,false
8106,POST PN 3,2014-03-25,3,Landfill gas - public hazard or valuable resource?,L,2025,false
8106,POST PN 3,2014-03-25,3,Landfill gas - public hazard or valuable resource?,L,2025,false
8107,POST PN 2,2014-03-25,3,Sudden infant death syndrome - recent developments,S,2017,false
8107,POST PN 2,2014-03-25,3,Sudden infant death syndrome - recent developments,S,2017,false
8108,POST PN 1,2014-03-25,3,Irradiation of food,I,2025,false
8108,POST PN 1,2014-03-25,3,Irradiation of food,I,2025,false
8109,POST PN 239,2005-05-01,3,"Early warnings for natural disasters, May 2005",E,2017,false
8110,POST PN 240,2005-06-01,3,"Gene therapy, June 2005",G,2017,false
8111,POST PN 241,2005-06-01,3,"Fighting diseases of developing countries, June 2005",F,2017,false
8112,POST PN 242,2005-06-01,3,"Open source software, June 2005",O,2017,false
8113,POST PN 243,2005-07-01,3,"Ethical scrutiny of research, July 2005",E,2017,false
8114,POST PN 244,2005-07-01,3,"Binge drinking and public health, July 2005",B,2017,false
8115,POST PN 245,2005-07-01,3,"Rapid climate change, July 2005",R,2017,false
8116,POST PN 246,2005-07-01,3,"Changing role of pharmacies, July 2005",C,2017,false
8117,POST PN 247,2005-07-01,3,"Infection control in healthcare settings, July 2005",I,2017,false
8118,POST PN 248,2005-10-01,3,"Science in court, October 2005",S,2017,false
8119,POST PN 249,2005-10-01,3,"Household energy efficiency, October 2005",H,2017,false
8120,POST PN 238,2005-03-01,3,"Carbon capture and storage (CCS), March 2005",C,2017,false
8121,POST PN 250,2005-11-01,3,"24-Hour Society, November 2005",2,2017,false
8122,POST PN 251,2005-11-01,3,"Sustaining fisheries,November 2005",S,2017,false
8123,POST PN 252,2005-12-01,3,"Recycling household waste, December 2005",R,2017,false
8124,POST PN 253,2005-12-01,3,"Cleaner coal, December 2005",C,2017,false
8125,POST PN 254,2005-12-01,3,"Farmland wildlife, December 2005",F,2017,false
8126,POST PN 255,2006-01-01,3,"Low carbon private vehicles, January 2006",L,2017,false
8127,POST PN 256,2006-01-01,3,"Arhus Convention, January 2006",A,2017,false
8128,POST PN 257,2006-02-01,3,"Healthy life expectancy, February 2006",H,2017,false
8129,POST PN 258,2006-02-01,3,"National DNA database, February 2006",N,2017,false
8130,POST PN 259,2006-02-01,3,"Balancing water supply and the environment, February 2006.",B,2017,false
8131,POST PN 260,2006-03-01,3,"Debating science, March 2006",D,2017,false
8132,POST PN 261,2006-03-01,3,"ICT in developing countries,March 2006",I,2017,false
8133,POST PN 262,2006-03-01,3,"UK civil space activities,March 2006",U,2017,false
8134,POST PN 263,2006-05-01,3,Pervasive computing,P,2017,false
8135,POST PN 264,2006-06-01,3,"Analogue to digital TV switchover, June 2006",A,2017,false
8136,POST PN 265,2006-07-01,3,"UK soil degradation, July 2006",U,2017,false
8137,POST PN 266,2006-07-01,3,"Children's medicine, July 2006",C,2017,false
8138,POST PN 267,2006-07-01,3,"Adapting to climate change in the UK, July 2006.",A,2017,false
8139,POST PN 268,2006-10-01,3,"Carbon footprint of electricity generation,October 2006",C,2017,false
8140,POST PN 269,2006-10-01,3,"Adapting to climate change in developing countries,October 2006",A,2017,false
8141,POST PN 270,2006-10-01,3,"Data encryption,October 2006",D,2017,false
8142,POST PN 271,2006-10-01,3,"Computer crime,October 2006",C,2017,false
8143,POST PN 275,2007-01-01,3,"UK trees and forests, January 2007",U,2017,false
8144,POST PN 272,2014-02-14,3,"Ambient air quality, November 2006",A,2017,false
8145,POST PN 273,2006-12-01,3,"Military uses of space, December 2006",M,2017,false
8146,POST PN 274,2006-12-01,3,"Food security in developing countries, December 2006.",F,2017,false
8147,POST PN 276,2007-01-01,3,"Ethnicity and health, January 2007",E,2017,false
8148,POST PN 277,2007-01-01,3,"Strategic science, January 2007",S,2017,false
8149,POST PN 278,2007-02-01,3,"Alzheimer's and dementia, February 2007",A,2017,false
8150,POST PN 279,2007-02-01,3,"Internet governance, February 2007",I,2017,false
8151,POST PN 281,2007-03-01,3,"Ecosystem services, March 2007",E,2017,false
8152,POST PN 280,2007-02-01,3,"Electricity in the UK, February 2007",E,2017,false
8153,POST PN 282,2007-04-01,3,"Energy and sewage, April 2007",E,2017,false
8154,POST PN 283,2007-05-01,3,"Health behaviour, May 2007",H,2017,false
8155,POST PN 286,2007-07-01,3,"Grids and e-Science, July 2007",G,2017,false
8156,POST PN 287,2007-07-01,3,"Eating disorders, July 2007",E,2017,false
8157,POST PN 288,2007-07-01,3,"New industries in the deep sea, July 2007",N,2017,false
8158,POST PN 289,2007-07-01,3,"Urban flooding, July 2007",U,2017,false
8159,POST PN 290,2007-07-01,3,"Voluntary carbon offsets, July 2007",V,2017,false
8160,POST PN 291,2007-07-01,3,"Electronic waste, July 2007",E,2017,false
8161,POST PN 292,2007-07-01,3,"Radio spectrum management, July 2007",R,2017,false
8162,POST PN 284,2007-05-01,3,"Tackling malaria in developing countries, May 2007",T,2017,false
8163,POST PN 285,2007-06-01,3,"Better brains, June 2007",B,2017,false
8164,POST PN 293,2007-08-01,3,"Transport biofuels, August 2007",T,2017,false
8165,POST PN 294,2007-10-01,3,"Public opinion on electricity options, October 2007",P,2017,false
8166,POST PN 295,2007-11-01,3,"Climate change science, November 2007",C,2017,false
8167,POST PN 296,2007-12-01,3,"Next generation telecoms networks, December 2007",N,2017,false
8168,POST PN 297,2007-12-01,3,"HIV in the UK, December 2007",H,2017,false
8169,POST PN 298,2008-01-01,3,"Synthetic biology, January 2008",S,2017,false
8170,POST PN 302,2008-02-01,3,"Autism, February 2008",A,2017,false
8171,POST PN 300,2008-02-01,3,"Ecological networks, February 2008",E,2017,false
8172,POST PN 301,2014-07-17,3,"Smart metering of electricity and gas, February 2008",S,2017,false
8173,POST PN 299,2008-01-01,3,"Smart materials and systems, January 2008",S,2017,false
8174,POST PN 303,2008-04-01,3,"Invasive non-native species, April 2008",I,2017,false
8175,POST PN 304,2008-04-01,3,"Research ethics in developing countries, April 2008",R,2017,false
8176,POST PN 305,2008-04-01,3,"Next generation broadband access, April 2008",N,2017,false
8177,POST PN 306,2008-04-01,3,"Electricity storage, April 2008",E,2017,false
8178,POST PN 307,2008-04-01,3,"Wildlife diseases, April 2008",W,2017,false
8179,POST PN 308,2008-05-01,3,"Alternatives to custodial sentencing, May 2008",A,2017,false
8180,POST PN 309,2008-06-01,3,"International migration of scientists and engineers, June 2008",I,2017,false
8181,POST PN 310,2008-06-01,3,"Marine conservation zones, June 2008",M,2017,false
8182,POST PN 311,2008-07-01,3,"New anti-infectives, July 2008",N,2017,false
8183,POST PN 312,2008-07-01,3,"Biodiversity indicators, July 2008",B,2017,false
8184,POST PN 314,2008-08-01,3,"UK vaccine capacity, August 2008",U,2017,false
8185,POST PN 313,2008-07-01,3,"Large scientific facilities, July 2008",L,2017,false
8186,POST PN 315,2008-10-01,3,"Renewable energy in a changing climate, October 2008",R,2017,false
8187,POST PN 316,2008-10-01,3,Cervical cancer. October 2008.,C,2017,false
8188,POST PN 317,2014-02-14,3,Future nuclear technologies. November 2008,F,2017,false
8189,POST PN 318,2008-12-01,3,"The transition to a low carbon economy, December 2008",T,2017,false
8190,POST PN 319,2008-12-01,3,ICT and CO2 emissions,I,2017,false
8191,POST PN 320,2008-12-01,3,"River basin management plans, December 2008",R,2017,false
8192,POST PN 323,2009-01-01,3,"Lessons from history, January 2009",L,2017,false
8193,POST PN 324,2009-01-01,3,"Marine renewables, January 2009",M,2017,false
8194,POST PN 321,2009-01-01,3,"E-democracy, January 2009",E,2017,false
8195,POST PN 322,2009-01-01,3,"Intelligent transport systems, January 2009",I,2017,false
8196,POST PN 325,2009-02-01,3,"Wild deer, February 2009",W,2017,false
8197,POST PN 326,2009-02-01,3,"Food hygiene standards, February 2009",F,2017,false
8198,POST PN 327,2009-03-01,3,"Geo-engineering research, March 2009",G,2017,false
8199,POST PN 328,2009-03-01,3,"Delaying gratification, March 2009",D,2017,false
8200,POST PN 330,2009-04-01,3,"Diet and cancer, April 2009",D,2017,false
8201,POST PN 329,2009-04-01,3,"Personalised medicine, April 2009",P,2017,false
8202,POST PN 332,2009-09-01,3,"Futures and Foresight, May 2009",F,2017,false
8203,POST PN 333,2009-05-01,3,"Regenerative Medicine, May 2009",R,2017,false
8204,POST PN 334,2009-06-01,3,"Arctic changes, June 2009",A,2017,false
8205,POST PN 335,2009-06-01,3,"CO2 capture, transport and storage, June 2009",C,2017,false
8206,POST PN 336,2009-06-01,3,"Crop protection, June 2009",C,2017,false
8207,POST PN 337,2009-06-01,3,"Treatments for heroin and cocaine dependency, June 2009",T,2017,false
8208,POST PN 338,2009-07-01,3,"Environmental noise, July 2009",E,2017,false
8209,POST PN 339,2009-07-01,3,"Nutritional standards in UK schools, July 2009",N,2017,false
8210,POST PN 340,2009-07-01,3,"The dual-use dilemma, July 2009",T,2017,false
8211,POST PN 341,2009-10-01,3,"Biodiversity and Climate Change, October 2009",B,2017,false
8212,POST PN 343,2009-10-01,3,"Ocean Acidification, October 2009",O,2017,false
8213,POST PN 342,2009-10-01,3,"Coastal Management, October 2009",C,2017,false
8214,POST PN 344,2009-10-01,3,Deforestation,D,2017,false
8215,POST PN 345,2009-10-01,3,Teaching children to read,T,2017,false
8216,POST PN 346,2009-12-01,3,"Technology for the Olympics, December 2009",T,2017,false
8217,POST PN 347,2010-01-01,3,"Climate change: engagement and behaviour, January 2010",C,2017,false
8218,POST PN 348,2010-01-01,3,"Insect pollination, January 2010",I,2017,false
8219,POST PN 349,2010-01-01,3,"Diagnosing dementia, January 2010",D,2017,false
8220,POST PN 350,2010-01-01,3,"Pets, families and interagency working, January 2010",P,2017,false
8221,POST PN 351,2010-01-01,3,"Lighting technology, January 2010",L,2017,false
8222,POST PN 352,2010-01-01,3,"Counterfeit medicines, January 2010",C,2017,false
8223,POST PN 356,2010-05-01,3,"Addictive behaviours, May 2010",A,2017,false
8224,POST PN 357,2010-05-01,3,"EU fisheries management, May 2010",E,2017,false
8225,POST PN 353,2010-03-01,3,"Renewable heating, March 2010",R,2017,false
8226,POST PN 354,2010-03-01,3,"Global carbon trading, March 2010",G,2017,false
8227,POST PN 355,2010-03-01,3,"Space debris, March 2010",S,2017,false
8228,POST PN 358,2010-07-01,3,"Biochar, July 2010",B,2017,false
8229,POST PN 361,2010-07-01,3,"Space weather, July 2010",S,2017,false
8230,POST PN 359,2010-06-01,3,"EU Science and Technology Funding, June 2010",E,2017,false
8231,POST PN 360,2010-06-01,3,"Genetically Modified Insects, June 2010",G,2017,false
8232,POST PN 364,2010-10-01,3,"Drug pricing, October 2010",D,2017,false
8233,POST PN 363,2010-09-01,3,"Sea level rise, September 2010",S,2017,false
8234,POST PN 362,2010-10-01,3,Resilience of UK infrastructure,R,2017,false
8235,POST PN 365,2010-10-01,3,Electric vehicles,E,2017,false
8236,POST PN 366,2010-11-01,3,"UK indoor air quality, November 2010",U,2017,false
8237,POST PN 367,2010-11-01,3,"Biofortification of foods, November 2010",B,2017,false
8238,POST PN 369,2011-01-01,3,"Biodiversity offsetting, January 2011",B,2017,false
8239,POST PN 370,2011-01-01,3,"Living with environmental limits, January 2011",L,2017,false
8240,POST PN 371,2011-01-01,3,"Housing and health, January 2011",H,2017,false
8241,POST PN 368,2010-01-01,3,"Rare earth metals, January 2011",R,2017,false
8242,POST PN 372,2011-02-01,3,"Future electricity networks, February 2011",F,2017,false
8243,POST PN 373,2011-04-01,3,"Water adaptation in Africa, April 2011",W,2017,false
8244,POST PN 331,2009-05-01,3,"H1N1 'swine flu' vaccine, May 2009",H,2017,false
8245,POST PN 374,2011-04-01,3,"Unconventional gas, April 2011",U,2017,false
8246,POST PN 375,2011-05-01,3,"Detecting deception, May 2011",D,2017,false
8247,POST PN 376,2011-05-01,3,"Natural capital accounting, May 2011",N,2017,false
8248,POST PN 377,2011-05-01,3,"The ecosystem approach, May 2011",T,2017,false
8249,POST PN 378,2011-05-01,3,"Ecosystem service valuation, May 2011",E,2017,false
8250,POST PN 379,2011-06-01,3,"Evidence-based conservation, June 2011",E,2017,false
8251,POST PN 380,2011-06-01,3,"Landscapes of the future, June 2011",L,2017,false
8252,POST PN 381,2011-06-01,3,"Mental capacity and healthcare, June 2011",M,2017,false
8253,POST PN 382,2011-06-01,3,"Informal STEM education, June 2011",I,2017,false
8254,POST PN 383,2011-06-01,3,"Carbon footprint of electricity generation, June 2011",C,2017,false
8255,POST PN 384,2011-07-01,3,"Biofuels from algae, July 2011",B,2017,false
8256,POST PN 133,2000-01-01,3,"Women in science, engineering and technology - an on-line consultation, January 2000
",W,2017,false
8257,POST PN 134,2000-02-01,3,"Technologies for independence in later life, February 2000
",T,2017,false
8258,POST PN 135,2000-03-01,3,"Water efficiency in the home, March 2000",W,2017,false
8259,POST PN 136,2000-04-01,3,"Cleaning up? Stimulating innovation in environmental technology, April 2000",C,2017,false
8260,POST PN 137,2000-04-01,3,"Mixed oxide nuclear fuel (MOX), April 2000",M,2017,false
8261,POST PN 138,2000-05-01,3,"Science in the media: press coverage of GM food, May 2000",S,2017,false
8262,POST PN 139,2000-05-01,3,"Genetic testing, May 2000",G,2017,false
8263,POST PN 141,2000-06-01,3,"Stem cell research, June 2000",S,2017,false
8264,POST PN 142,2000-06-01,3,"Human genome research, June 2000",H,2017,false
8265,POST PN 143,2000-07-01,3,"Science centres, July 2000",S,2017,false
8266,POST PN 144,2000-07-01,3,"Biodiversity and conservation, July 2000",B,2017,false
8267,POST PN 145,2000-07-01,3,"Patents and gene sequences, July 2000",P,2017,false
8268,POST PN 146,2000-09-01,3,"GM farm trials, September 2000",G,2017,false
8269,POST PN 147,2000-10-01,3,"Implementing the Kyoto climate change agreement, October 2000",I,2017,false
8270,POST PN 148,2000-11-01,3,"National missile defence in the US, November 2000",N,2017,false
8271,POST PN 149,2000-12-01,3,"Incineration of household waste, December 2000",I,2017,false
8272,POST PN 150,2000-12-01,3,"Galileo - A European satellite navigation system, December 2000",G,2017,false
8273,POST PN 151,2000-12-01,3,"The Autumn 2000 rains and floods, December 2000",T,2017,false
8274,POST PN 152,2000-12-01,3,"Indoor allergens and asthma, December 2000",I,2017,false
8275,POST PN 154,2001-03-01,3,"Depleted uranium, March 2001",D,2017,false
8276,POST PN 155,2001-05-01,3,"Online voting, May 2001",O,2017,false
8277,POST PN 156,2001-06-01,3,"Managing human error, June 2001",M,2017,false
8278,POST PN 157,2000-06-01,3,"GM animals, June 2001",G,2017,false
8279,POST PN 158,2001-06-01,3,"Reducing radon risks in the home, June 2001",R,2017,false
8280,POST PN 159,2001-06-01,3,"Regulating internet content, June 2001",R,2017,false
8281,POST PN 160,2001-07-01,3,"Access to medicines in the developing world, July 2001",A,2017,false
8282,POST PN 161,2001-07-01,3,"Climate change policy update, July 2001",C,2017,false
8283,POST PN 162,2001-10-01,3,"Health benefits of physical activity, October 2001",H,2017,false
8284,POST PN 163,2001-10-01,3,"UK electricity networks, October 2001",U,2017,false
8285,POST PN 164,2001-10-01,3,"Renewable energy, October 2001",R,2017,false
8286,POST PN 165,2001-11-01,3,"Biometrics and security, November 2001",B,2017,false
8287,POST PN 166,2001-11-01,3,"Bio-terrorism, November 2001",B,2017,false
8288,POST PN 167,2001-12-01,3,"Chemical weapons, December 2001",C,2017,false
8289,POST PN 168,2002-02-01,3,"MS treatments and NICE, February 2002",M,2017,false
8290,POST PN 169,2001-12-01,3,"Managing flooding, December 2001",M,2017,false
8291,POST PN 170,2001-12-01,3,"E is for everything? Public policy and converging digital communications, December 2001",E,2017,false
8292,POST PN 171,2002-01-01,3,"v-CJD in the future, January 2002",v,2017,false
8293,POST PN 172,2002-02-01,3,"Labelling GM foods, February 2002",L,2017,false
8294,POST PN 173,2002-02-01,3,"Appraising major infrastructure projects, February 2002",A,2017,false
8295,POST PN 174,2002-03-01,3,"Stem cell research, March 2002",S,2017,false
8296,POST PN 175,2002-04-01,3,"CCTV, April 2002",C,2017,false
8297,POST PN 176,2002-04-01,3,"Ratifying Kyoto, April 2002",R,2017,false
8298,POST PN 177,2002-04-01,3,"Floodforum.net - an online discussion, April 2002",F,2017,false
8299,POST PN 178,2002-05-01,3,"Access to water in developing countries, May 2002",A,2017,false
8300,POST PN 179,2002-07-01,3,"Nuclear terrorism, July 2002",N,2017,false
8301,POST PN 180,2002-07-01,3,"The UK biobank, July 2002",T,2017,false
8302,POST PN 181,2002-07-01,3,"Broadband internet access, July 2002",B,2017,false
8303,POST PN 182,2002-09-01,3,"Peer review, September 2002",P,2017,false
8304,POST PN 183,2002-10-01,3,"Electronic privacy, October 2002",E,2017,false
8305,POST PN 184,2002-10-01,3,"Caesarean sections, October 2002",C,2017,false
8306,POST PN 185,2002-10-01,3,"Copyright and the internet, October 2002",C,2017,false
8307,POST PN 186,2002-10-01,3,"Prospects for a hydrogen economy, October 2002",P,2017,false
8308,POST PN 187,2002-11-01,3,"Intelligent transport, November 2002",I,2017,false
8309,POST PN 188,2002-11-01,3,"Air quality in the UK, November 2002",A,2017,false
8310,POST PN 189,2002-11-01,3,"Public dialogue on science and technology, November 2002",P,2017,false
8311,POST PN 190,2002-12-01,3,"Access to sanitation in developing countries, December 2002",A,2017,false
8312,POST PN 191,2002-12-01,3,"Access to energy in developing countries, December 2002",A,2017,false
8313,POST Report 1,2000-04-01,3,Cleaning Up? Stimulating Innovation in Environmental Technology,C,2017,false
8314,POST Report 2,2000-07-01,3,Human genome Research,H,2017,false
8315,POST Report 3,2001-03-01,3,Open channels: public dialogue in science and technology,O,2017,false
8316,POST Report 4,2001-12-01,3,e is for everything? Public policy and converging digital communications,e,2017,false
8317,POST Report 5,2003-04-01,3,Aviation and the Environment,A,2017,false
8318,POST Report 6,2003-09-01,3,Improving children's diet,I,2017,false
8319,POST Report 7,2003-07-01,3,Government IT projects,G,2017,false
8320,POST Report 8,2004-07-01,3,Assessing the risk of terrorist attacks on nuclear facilities,A,2017,false
8321,POST Report 9,2011-03-01,3,Environmental Limits,E,2017,false
8322,POST PN 385,2011-09-16,3,Water in production and products,W,2017,false
8324,POST PN 386,2011-09-16,3,GM crops and food security,G,2017,false
8325,POST PN 387,2011-09-16,3,Anaerobic digestion,A,2017,false
8326,POST PN 388,2011-09-16,3,Marine planning,M,2017,false
8332,POST PN 389,2011-09-22,3,Cyber Security in the UK,C,2017,false
8333,POST Report 10,2000-05-01,3,"Women in science, engineering and technology - an online consultation",W,2017,false
8334,POST Report 11,2000-01-01,3,The 'Great GM Food Debate' - a survey of media coverage in the first half of 1999,T,2017,false
8335,POST Report 12,2010-05-01,3,"Science in the New Parliament, 2010",S,2017,false
8337,POST PN 390,2011-10-03,3,Clinical Trials,C,2017,false
8338,POST PN 391,2011-10-03,3,An Ageing Workforce,A,2017,false
8350,POST PN 392,2011-10-12,3,Livestock disease,L,2017,false
8351,POST PN 393,2011-10-12,3,Improving livestock,I,2017,false
8361,POST PN 207,2011-10-18,3,"The Environmental Costs of Aviation, November 2003",T,2017,false
8363,POST PN 394,2013-05-20,3,Invasive Tree Pests and Diseases,I,2017,false
8366,POST PN 193,2011-10-19,3,"Food Poisoning, January 2003",F,2017,false
8367,POST PN 192,2011-10-19,3,"Nuclear Fusion, January 2003",N,2017,false
8368,POST PN 132,2011-10-19,3,"A New UK Synchrotron, December 1999",A,2017,false
8369,POST PN 131,2011-10-19,3,"Health Concerns and the MMR Vaccine, December 1999",H,2017,false
8370,POST PN 130,2011-10-19,3,"The Sun and Space Weather, November 1999",T,2017,false
8371,POST PN 129,2011-10-19,3,"Military Use of Satellite Imagery, September 1999",M,2017,false
8372,POST PN 126,2011-10-19,3,"Near Earth Objects, April 1999",N,2017,false
8373,POST PN 127,2011-10-19,3,"Hormones in Beef, May 1999",H,2017,false
8374,POST PN 124,2011-10-19,3,"Cystic Fibrosis, March 1999",C,2017,false
8375,POST PN 123,2011-10-19,3,"Meningitis, February 1999",M,2017,false
8376,POST PN 86,2011-10-19,3,"Making it in Miniature - Nanotechnology, UK Science and its Applications, November 1996",M,2017,false
8377,POST PN 82,2011-10-19,3,"Fine Particles and Health, June 1996",F,2017,false
8378,POST PN 67,2011-10-19,3,"Managing Corporate Change, October 1995",M,2017,false
8379,POST PN 63,2011-10-19,3,"UK Teleworking, June 1995",U,2017,false
8451,,2011-12-01,3,Explosive Injuries,E,,false
8454,POST PN 395,2011-12-05,3,Explosive Injuries,E,2017,false
8454,POST PN 395,2011-12-05,3,Explosive Injuries,E,2017,false
8458,POST PN 396,2011-12-05,3,Natural Flood Management,N,2017,false
8513,POST PN 397,2012-01-23,3,Open Access to Scientific Information,O,2017,false
8514,POST PN 398,2012-06-08,3,Solar Photovoltaics,S,2017,false
8515,POST PN 399,2012-01-23,3,Measuring Energy Security,M,2017,false
8541,POST PN 400,2012-02-03,3,Climate Variability and Weather,C,2017,false
8543,POST PN 401,2012-02-03,3,Biomedical Patents,B,2017,false
8558,POST PN 402,2012-02-16,3,Resilience to Natural Hazards in Developing Nations,R,2017,false
8560,POST PN 403,2012-02-16,3,Low Carbon Technologies for Energy-Intensive Industries,L,2017,false
8599,POST PN 404,2012-03-15,3,Livestock Super Farms,L,2017,false
8600,POST PN 405,2012-03-15,3,Impacts of Video Games,I,2017,false
8601,POST PN 406,2012-03-15,3,Personalised Cancer Treatments,P,2017,false
8602,POST PN 407,2012-03-15,3,Consumer Genetic Testing,C,2017,false
8619,POST PN 408,2012-03-20,3,Seeking Sustainability,S,2017,false
8697,POST PN 409,2012-05-25,3,Assessing Energy Efficiency,A,2017,false
8698,POST PN 410,2012-07-03,3,Bioenergy,B,2017,false
8714,POST PN 411,2012-07-06,3,POSTnote 411 ICT for Disabled People,P,2017,false
8741,POST PN 412,2012-07-03,3,GM in Agricultural Development,G,2017,false
8781,POST PN 413,2012-07-11,3,Assessing Capacity for Work,A,2017,false
8782,POST PN 414,2012-07-11,3,Open Source and Open Standards,O,2017,false
8789,POST PN 415,2012-07-16,3,Preventing Diabetes,P,2017,false
8790,POST PN 416,2012-07-16,3,Drug Resistant Tuberculosis,D,2017,false
8810,POST PN 417,2012-08-06,3,Energy Use Behaviour Change,E,2017,false
8830,POST PN 418,2013-02-01,3,Balancing Nature and Agriculture,B,2017,false
8839,POST PN 419,2012-09-18,3,Water Resource Resilience,W,2017,false
8840,POST PN 420,2012-09-10,3,Advanced Manufacturing,A,2017,false
8844,POST PN 421,2012-09-12,3,Measuring National Wellbeing,M,2017,false
8888,POST PN 422,2012-10-25,3,Mental Health and the Workplace,M,2017,false
8977,POST PN 423,2012-12-17,3,Machine to Machine Communication,M,2017,false
8987,POST PN 424,2013-02-12,3,Plant-made Pharmaceuticals,P,2017,false
9004,POST PN 425,2013-01-16,3,Maximising the Value of Recycled Materials,M,2017,false
9005,POST PN 426,2013-07-18,3,Residential Heat Pumps,R,2017,false
9009,POST PN 427,2013-01-18,3,Biodiversity in UK Overseas Territories,B,2017,false
9021,POST PN 428,2013-01-28,3,Reporting Greenhouse Gas Emissions,R,2017,false
9032,POST PN 429,2013-02-05,3,Biodiversity & Planning Decisions,B,2017,false
9072,POST PN 430,2013-03-08,3,STEM education for 14-19 year olds,S,2017,false
9091,,2013-03-18,3,Preventing Mitochondrial Disease,P,,false
9092,POST PN 431,2014-10-14,3,Preventing Mitochondrial Disease,P,2017,false
9102,POST PN 432,2013-03-25,3,Accessing Public Transport,A,2017,false
9119,POST PN 433,2014-03-06,3,Livestock Vaccines,L,2017,false
9133,POST PN 434,2013-04-25,3,Managing Online Identity,M,2017,false
9181,POST PN 435,2013-06-24,3,Environmental Impact of Tidal Barrages,E,2017,false
9181,POST PN 435,2013-06-24,3,Environmental Impact of Tidal Barrages,E,2017,false
9182,POST PN 436,2013-05-31,3,Monitoring Internet Communications,M,2017,false
9190,POST PN 437,2013-06-06,3,Selection of Marine Conservation Zones,S,2017,false
9227,POST PN 438,2013-07-03,3,Uncertainty in Population Projections,U,2017,false
9248,POST PN 439,2013-07-24,3,Invasive Alien Plant Species,I,2017,false
9282,POST PN 440,2013-09-03,3,Drug-driving,D,2017,false
9294,POST PN 441,2013-09-12,3,Organ Donation and Transplants,O,2017,false
9295,POST PN 442,2013-09-12,3,Reversing Insect Pollinator Decline,R,2017,false
9295,POST PN 442,2013-09-12,3,Reversing Insect Pollinator Decline,R,2017,false
9297,POST PN 443,2013-09-18,3,Autonomous Road Vehicles,A,2017,false
9298,POST PN 444,2013-09-18,3,Cosmetic Procedures,C,2014,false
9299,POST PN 445,2013-09-18,3,Pre-implantation Genetic Diagnosis,P,2017,false
9321,POST PN 446,2013-10-29,3,Antibiotic Resistance in the Environment,A,2017,false
9330,POST PN 447,2013-12-16,3,Negative Emissions Technologies,N,2017,false
9350,POST PN 448,2013-11-15,3,Urban Green Infrastructure,U,2017,false
9358,POST PN 449,2013-11-21,3,Minimising the harms of khat,M,2017,false
9393,POST PN 450,2013-12-18,3,Special Educational Needs,S,2014,false
9394,POST PN 451,2013-12-18,3,Epigenetics and Health,E,2014,false
9411,POST PN 452,2014-01-14,3,Electricity Demand-Side Response,E,2017,false
9411,POST PN 452,2014-01-14,3,Electricity Demand-Side Response,E,2017,false
9414,POST PN 453,2014-01-16,3,Livestock emissions,L,2017,false
9431,POST PN 454,2014-01-28,3,Risks from Climate Feedbacks,R,2017,false
9436,POST PN 455,2014-01-30,3,Electronic Cigarettes,E,2017,false
9457,POST PN 456,2014-02-14,3,Telehealth and telecare,T,2017,false
9458,POST PN 457,2014-02-14,3,New Nuclear Power Technologies,N,2017,false
9459,POST PN 458,2014-02-14,3,Ambient Air Quality,A,2017,false
9471,POST PN 459,2014-02-24,3,Stroke,S,2014,false
9483,POST PN 460,2014-03-05,3,Social Media and Big Data,S,2017,false
9507,,2014-03-25,3,Patenting Human DNA,P,,false
9509,POST PN 461,2014-03-26,3,Transparency of clinical trials data,T,2017,false
9510,POST PN 462,2014-03-26,3,Surveillance of infectious disease,S,2017,false
9515,POST PN 37,1992-11-24,3,Patenting Human DNA,P,2015,false
9516,POST PN 463,2014-03-31,3,HIV Prevention in the UK,H,2014,false
9521,POST PN 39,1993-01-24,3,Oil Spill Clean-up,O,2015,false
9521,POST PN 39,1993-01-24,3,Oil Spill Clean-up,O,2015,false
9532,POST PN 45,1993-07-24,3,Chernobyl Fallout,C,2015,false
9532,POST PN 45,1993-07-24,3,Chernobyl Fallout,C,2015,false
9533,POST PN 47,1993-11-24,3,Acid Rain Agreements,A,2015,false
9533,POST PN 47,1993-11-24,3,Acid Rain Agreements,A,2015,false
9534,POST PN 48,1994-01-24,3,Reproductive Technologies,R,2015,false
9534,POST PN 48,1994-01-24,3,Reproductive Technologies,R,2015,false
9535,POST PN 49,1994-02-24,3,Observing Planet Earth,O,2015,false
9535,POST PN 49,1994-02-24,3,Observing Planet Earth,O,2015,false
9580,POST PN 464,2014-09-17,3,Intermittent Electricity Generation,I,2017,false
9614,POST PN 465,2014-06-19,3,Ancient Woodland,A,2017,false
9636,POST PN 470,2014-11-13,3,"Big Data, Crime and Security",B,2014,false
9637,POST PN 466,2014-07-10,3,Reducing Emissions from Deforestation,R,2020,false
9638,POST PN 467,2014-07-10,3,Childhood Allergy,C,2022,false
9639,POST PN 468,2014-07-10,3,Big Data Overview,B,2020,false
9640,POST PN 469,2014-07-10,3,Big Data and Business,B,2020,false
9643,POST PN 471,2014-08-08,3,Smart Metering of Energy and Water,S,2017,false
9659,POST PN 472,2014-07-22,3,Big and Open Data in Transport,B,2017,false
9660,POST PN 473,2014-07-22,3,Biobanks,B,2014,false
9661,POST PN 474,2014-07-22,3,Big Data and Public Health,B,2017,false
9679,POST PN 475,2014-08-21,3,Alternative Currencies,A,2017,false
9681,POST PN 476,2014-08-12,3,Environmental Citizen Science,E,2017,false
9693,POST PN 477,2014-10-17,3,Phosphate Resources,P,2017,false
9726,POST PN 478,2014-10-02,3,Diffuse Pollution of Water by Agriculture,D,2017,false
9727,POST PN 479,2014-12-16,3,Civilian Drones,C,2017,false
9733,POST PN 480,2014-10-09,3,Short Lived Climate Pollutants,S,2017,false
9734,POST PN 481,2014-10-08,3,Palliative and End of Life Care,P,2017,false
9757,POST PN 482,2015-01-15,3,GM Crops and Regulation,G,2017,false
9762,POST PN 483,2014-11-04,3,GM Insects and Disease Control,G,2017,false
9827,POST PN 484,2014-12-11,3,Catchment-Wide Flood Management,C,2017,false
9853,POST PN 485,2015-01-07,3,Parity of Esteem for Mental Health,P,2015,false
9860,POST PN 486,2015-01-28,3,Emissions from Crops,E,2017,false
9862,POST PN 487,2015-01-14,3,Value Based Assessment of Drugs,V,2017,false
9919,POST PN 488,2015-03-09,3,The darknet and online anonymity,T,2020,false
9958,POST PN 489,2015-03-30,3,Vegetative and Minimally Conscious States,V,2015,false
9960,POST PN 490,2015-03-26,3,Biodiversity Auditing,B,2015,false
9969,POST PN 491,2015-03-30,3,Measuring Living Standards,M,2017,false
9970,POST PN 492,2015-04-14,3,Energy Storage,E,2015,false
10026,POST PN 0493,2015-05-28,3,Sugar and Health,S,2015,false
10028,POST PN 0494,2015-05-29,3,UK Broadband Infrastructure,U,2015,false
10056,POST PN 0495,2015-06-05,3,Obesity Treatments,O,2022,false
10057,POST PN 0496,2015-06-05,3,Trends in Transport,T,2015,false
10081,POST PN 0497,2015-06-12,3,Regulation of Synthetic Biology,R,2015,false
10082,POST PN 0498,2015-06-12,3,Trends in Political Participation,T,2017,false
10085,POST PN 0499,2015-06-12,3,Novel Food Production,N,2016,false
10087,POST PN 0500,2015-06-12,3,Towards 2020 and Beyond,T,2015,false
10245,POST PN 0501,2015-08-07,3,Herbicide Resistance,H,2015,false
10258,POST PN 0502,2015-08-24,3,Securing UK Soil Health,S,2017,false
10277,POST PN 0503,2015-09-07,3,Trends in Energy,T,2015,false
10298,POST PN 0504,2015-09-10,3,"The 100,000 Genomes Project",T,2017,false
10312,POST PN 0505,2015-09-21,3,Precision Farming,P,2017,false
10316,POST PN 0506,2015-09-22,3,Trends in Compulsory Education,T,2017,false
10320,POST PN 0507,2015-09-24,3,Trends in Crime and Criminal Justice,T,2015,false
10321,POST PB 0013,2015-09-24,3,Childhood Vaccination Programme,C,2015,false
10322,POST PB 0014,2015-09-24,3,Body-Worn Video in UK Policing,B,2015,false
10324,POST PN 0508,2015-09-25,3,Deep Sea Mining,D,2017,false
10329,POST PN 0509,2015-09-30,3,Forensic Language Analysis,F,2015,false
10335,POST PB 0015,2015-10-01,3,Unintentional Bias in Forensic Investigation,U,2015,false
10387,POST PN 0510,2015-10-19,3,Trends in ICT,T,2015,false
10402,POST PN 0512,2015-10-21,3,Unintentional Bias in Court,U,2015,false
10408,POST PN 0511,2015-10-22,3,Automation in Military Operations,A,2016,false
10478,POST PN 0513,2015-11-11,3,Future of Natural Gas in the UK,F,2017,false
10478,POST PN 0513,2015-11-11,3,Future of Natural Gas in the UK,F,2017,false
10610,POST PN 0514,2015-12-15,3,UK Commercial Space Activities,U,2015,false
10618,POST PN 0515,2015-12-16,3,Policing Domestic Abuse,P,2016,false
10622,POST PB 0016,2015-12-18,3,Climate Change and Infectious Disease in Humans in the UK,C,2025,false
10624,POST PB 0017,2015-12-18,3,Measuring Performance for the Carbon Budgets,M,2017,false
10646,POST PN 0516,2016-01-05,3,Trends in the Environment,T,2017,false
10685,POST PB 0018,2016-01-14,3,Measuring Performance for the Carbon Budgets,M,,false
10703,POST PN 0517,2016-01-19,3,Intellectual Property and Plants,I,2017,false
10764,POST PN 0518,2016-02-03,3,Psychological Health of Military Personnel,P,2020,false
10781,POST PN 0519,2016-02-08,3,Electronic Health Records,E,2016,false
10863,POST PN 0520,2016-03-09,3,Digital Forensics and Crime,D,2016,false
10887,POST PB 0019,2016-03-15,3,Data Encryption,D,2017,false
10955,POST PN 0521,2016-04-20,3,Access to Water and Sanitation,A,2016,false
10970,POST PB 0020,2016-04-26,3,Moving Block Signalling,M,2016,false
10972,POST PN 0522,2016-04-28,3,Barriers to Healthy Food,B,2016,false
10985,POST PN 0523,2016-05-03,3,Carbon Footprint of Heat Generation,C,2016,false
10997,POST PN 0530,2016-05-05,3,Sugar and Public Health,S,2016,false
11001,POST PN 0524,2016-05-06,3,Education in Youth Custody,E,2016,false
11002,POST PB 0021,2016-05-06,3,Bereavement Care after the Loss of a Baby in the UK,B,2016,false
11019,POST PN 0525,2016-05-17,3,Financial Technology (FinTech),F,2016,false
11037,POST PN 0526,2016-05-24,3,Addressing Islamic Extremism,A,2017,false
11043,POST PN 0527,2016-05-27,3,Infant Mortality and Stillbirth in the UK,I,2016,false
11057,POST PN 0528,2016-06-01,3,Marine Microplastic Pollution,M,2019,false
11094,POST PN 0529,2016-06-17,3,Adapting Urban Areas to Flooding,A,2016,false
11141,POST PB 0022,2016-07-04,3,Academic Evidence on Selective Secondary Education,A,2017,false
11202,POST PN 0531,2016-07-27,3,Managing the UK Plutonium Stockpile,M,2016,false
11209,POST PN 0532,2016-08-02,3,Integrating Health and Social Care,I,2017,false
11221,POST PN 0533,2016-08-08,3,Electronic Cigarettes,E,2016,false
11230,POST PN 0534,2016-08-11,3,Automation and the Workforce,A,2016,false
11235,POST PN 0535,2016-08-16,3,New Drugs for Dementia,N,2016,false
11298,POST PN 0536,2016-09-26,3,Designing a Circular Economy,D,2016,false
11308,POST PN 0537,2016-09-29,3,Rewilding and Ecosystem Services,R,2017,false
11347,POST PN 0538,2016-10-17,3,Green Space and Health,G,2017,false
11354,POST PN 0539,2016-10-18,3,Creating age-friendly cities,C,2016,false
11381,POST PN 0540,2016-10-25,3,Nuclear Security,N,2017,false
11510,POST PN 0541,2016-11-23,3,Genome Editing,G,2016,false
11564,POST PN 0542,2016-12-07,3,Natural Capital: An Overview,N,2018,false
11575,POST PN 0543,2016-12-09,3,The Water-Energy-Food Nexus,T,2017,false
11592,POST PB 0023,2016-12-14,3,Education of Young People Leaving Custody,E,2016,false
11593,POST PB 0024,2016-12-14,3,"Telecommunications Infrastructure: Cabling, Ducts and Poles",T,2017,false
11604,POST PN 0544,2016-12-20,3,Research Integrity,R,2018,false
11686,POST PN 0545,2017-01-19,3,UK Trends in Infectious Disease,U,2017,false
11687,POST PN 0546,2017-01-19,3,Reform of Freshwater Abstraction,R,2017,false
11706,POST PN 0547,2017-01-25,3,Environmental Crime,E,2017,false
11741,POST PN 0548,2017-02-01,3,New Plant Breeding Techniques,N,2020,false
11748,POST PN 0549,2017-02-03,3,Greenhouse Gas Removal,G,2017,false
11806,POST PN 0550,2017-02-27,3,Future Energy Efficiency Policy,F,2017,false
11830,POST PN 0551,2017-03-03,3,"Dietary Advice, Pregnancy & Breastfeeding",D,2017,false
11883,POST PB 0025,2017-03-17,3,Projecting Future Sea Level Rise,P,2024,false
11960,POST PN 0552,2017-04-21,3,Quantum Technologies,Q,2017,false
11972,POST PN 0553,2017-04-28,3,Global Health Inequalities,G,2017,false
11974,POST PN 0554,2017-04-28,3,Cyber Security of UK Infrastructure,C,2017,false
11997,POST PB 0026,2017-06-01,3,Urban Green Infrastructure and Ecosystem Services,U,2024,false
12010,POST PN 0555,2017-06-08,3,Rising Sea Levels,R,2024,false
12092,POST PN 0556,2017-07-04,3,Security of UK Food Supply,S,2024,false
12093,POST PN 0557,2017-07-04,3,Environmentally Sustainable Agriculture,E,2024,false
12114,POST PN 0558,2017-07-11,3,Supply of Medical Radioisotopes,S,2025,false
12114,POST PN 0558,2017-07-11,3,Supply of Medical Radioisotopes,S,2025,false
12120,POST PN 0559,2017-07-11,3,Online Information and Fake News,O,2024,false
12182,POST PN 0560,2017-08-04,3,Migrants and Housing,M,2024,false
12244,POST PN 0561,2017-10-02,3,Regulating Clinical Trials,R,2024,false
12245,POST PN 0562,2017-10-02,3,Risk Assessment of Nanomaterials,R,2024,false
12263,POST PN 0563,2017-10-06,3,Mental Health Service Models for Young People,M,2024,false
12375,POST PN 0566,2017-11-09,3,Environmental Earth Observation,E,2024,false
12382,POST PN 0565,2017-11-10,3,Decarbonising the Gas Network,D,2025,false
12388,POST PN 0564,2017-11-13,3,Communicating Risk,C,2024,false
12391,POST PB 0027,2017-11-14,3,Topics of Interest 2018,T,2024,false
12391,POST PB 0027,2017-11-14,3,Topics of Interest 2018,T,2024,false
12408,POST PN 0567,2017-11-17,3,Regulating Advanced Therapies,R,2024,false
12626,POST PN 0568,2018-02-01,3,Science Diplomacy,S,2024,false
12652,POST PN 0569,2018-02-09,3,Overseas Electricity Interconnection,O,2025,false
12653,POST PN 0570,2018-02-09,3,Parental Alcohol Misuse and Children,P,2024,false
12656,POST PN 0571,2018-02-09,3,The Ageing Process and Health,T,2024,false
12669,POST PN 0572,2018-02-19,3,UK Fisheries Management,U,2024,false
12784,POST PN 0573,2018-04-04,3,Health in Private-Rented Housing,H,2024,false
12848,POST PN 0574,2018-05-01,3,The Microbiome and Human Health,T,2024,false
12883,POST PN 0575,2018-05-14,3,Fire Safety of Construction Products,F,2024,false
13008,POST PN 0576,2018-06-25,3,Relationships and Sex Education,R,2024,false
13014,POST PN 0577,2018-06-26,3,Age of Criminal Responsibility,A,2024,false
13032,POST PN 0578,2018-06-29,3,Biometric Technologies,B,2024,false
13032,POST PN 0578,2018-06-29,3,Biometric Technologies,B,2024,false
13047,POST PN 0579,2018-07-04,3,Persistent Chemical Pollutants,P,2024,false
13080,,2018-07-16,3,Small Modular Nuclear Reactors,S,,false
13084,POST PN 0580,2018-07-17,3,Small Modular Nuclear Reactors,S,2025,false
13085,POST PN 0581,2018-07-17,3,Antimicrobial Resistance and Immunisation,A,2024,false
13089,POST PN 0582,2018-07-18,3,Unpaid Care,U,2024,false
13133,POST PN 0583,2018-08-22,3,Developing Non-Academic Skills,D,2024,false
13136,POST PN 0584,2018-08-23,3,Security of UK Telecommunications,S,2024,false
13153,POST PB 0028,2018-09-06,3,Distributed Ledger Technology,D,2024,false
13167,POST PN 0585,2018-09-13,3,Sleep and Health,S,2024,false
13168,POST PN 0586,2018-09-13,3,"Shift Work, Sleep and Health",S,2024,false
13174,POST PB 0029,2018-09-18,3,Sleep and Long-Term Health,S,2024,false
13187,POST PN 0587,2018-10-02,3,Flexible Electricity Systems,F,2025,false
13198,POST PN 0588,2018-10-08,3,Reducing UK Antibiotic Use in Animals,R,2024,false
13274,POST PB 0030,2018-11-02,3,Carbon Capture and Usage,C,2024,false
13288,POST PN 0589,2018-11-08,3,Trends in Agriculture,T,2024,false
13345,POST PN 0590,2018-11-28,3,EU Environmental Principles,E,2024,false
13380,POST PN 0591,2018-12-12,3,Robotics in Social Care,R,2024,false
13384,POST PN 0592,2018-12-12,3,Stalking and Harassment,S,2024,false
13497,POST PN 0593,2019-02-06,3,Cyber Security of Consumer Devices,C,2024,false
13513,POST PN 0594,2019-02-11,3,Limiting Global Warming to 1.5°C,L,2025,false
13535,POST PN 0595,2019-02-19,3,Reservoirs of Antimicrobial Resistance,R,2024,false
13589,POST PN 0596,2019-03-11,3,Chemical Weapons,C,2024,false
13672,POST PN 0597,2019-04-10,3,Climate Change and Vector-Borne Disease in Humans in the UK,C,2024,false
13673,POST PN 0598,2019-04-10,3,Advances in Cancer Treatment,A,2024,false
13680,POST PN 0599,2019-04-16,3,Early Interventions to Reduce Violent Crime,E,2024,false
13692,POST PB 0031,2019-04-24,3,Evaluating UK natural hazards: the national risk assessment,E,2024,false
13728,POST PN 0600,2019-05-07,3,Climate change and agriculture,C,2024,false
13728,POST PN 0600,2019-05-07,3,Climate change and agriculture,C,2024,false
13778,POST PN 0601,2019-05-21,3,Sustaining the soil microbiome,S,2024,false
13778,POST PN 0601,2019-05-21,3,Sustaining the soil microbiome,S,2024,false
13784,POST PN 0602,2019-05-22,3,Developments in wind power,D,2025,false
13784,POST PN 0602,2019-05-22,3,Developments in wind power,D,2025,false
13854,POST PN 0603,2019-06-17,3,Climate Change and UK Wildfire,C,2024,false
13862,POST PN 0604,2019-06-18,3,Climate Change and Fisheries,C,2024,false
13914,POST PN 0605,2019-07-02,3,Plastic Food Packaging Waste,P,2024,false
13915,POST PN 0606,2019-07-02,3,Compostable food packaging,C,2024,false
13915,POST PN 0606,2019-07-02,3,Compostable food packaging,C,2024,false
13976,POST PN 0607,2019-07-18,3,Improving witness testimony,I,2024,false
13976,POST PN 0607,2019-07-18,3,Improving witness testimony,I,2024,false
13989,POST PB 0032,2019-07-24,3,5G technology,5,2024,false
13992,POST PN 0608,2019-07-25,3,Online safety education,O,2024,false
13992,POST PN 0608,2019-07-25,3,Online safety education,O,2024,false
14020,POST PB 0033,2019-08-28,3,Research for Parliament: Preparing for a changing world,R,2024,false
14020,POST PB 0033,2019-08-28,3,Research for Parliament: Preparing for a changing world,R,2024,false
14052,POST PN 0609,2019-09-13,3,Access to critical materials,A,2024,false
14052,POST PN 0609,2019-09-13,3,Access to critical materials,A,2024,false
14097,POST PB 0034,2019-10-14,3,Net gain,N,2024,false
14097,POST PB 0034,2019-10-14,3,Net gain,N,2024,false
14276,POST PN 0610,2020-01-16,3,Misuse of civilian drones,M,2024,false
14276,POST PN 0610,2020-01-16,3,Misuse of civilian drones,M,2024,false
14292,POST PN 0611,2020-01-21,3,Human germline genome editing,H,2024,false
14292,POST PN 0611,2020-01-21,3,Human germline genome editing,H,2024,false
14299,POST PN 0612,2020-01-23,3,Autism,A,2024,false
14311,POST PN 0613,2020-01-27,3,Non-custodial sentences,N,2024,false
14311,POST PN 0613,2020-01-27,3,Non-custodial sentences,N,2024,false
14340,POST PB 0035,2020-02-03,3,Evaluating the integration of health and social care,E,2024,false
14340,POST PB 0035,2020-02-03,3,Evaluating the integration of health and social care,E,2024,false
14353,POST PN 0614,2020-02-05,3,Brain-computer interfaces,B,2024,false
14353,POST PN 0614,2020-02-05,3,Brain-computer interfaces,B,2024,false
14376,POST PN 0615,2020-02-11,3,Climate change and aviation,C,2025,false
14376,POST PN 0615,2020-02-11,3,Climate change and aviation,C,2025,false
14391,POST PN 0617,2020-02-19,3,Climate change-biodiversity interactions,C,2024,false
14391,POST PN 0617,2020-02-19,3,Climate change-biodiversity interactions,C,2024,false
14394,POST PN 0616,2020-02-19,3,Low-carbon aviation fuels,L,2025,false
14394,POST PN 0616,2020-02-19,3,Low-carbon aviation fuels,L,2025,false
14397,POST PN 0618,2020-02-21,3,Bioenergy with carbon capture and storage (BECCS),B,2025,false
14397,POST PN 0618,2020-02-21,3,Bioenergy with carbon capture and storage (BECCS),B,2025,false
14397,POST PN 0618,2020-02-21,3,Bioenergy with carbon capture and storage (BECCS),B,2025,false
14397,POST PN 0618,2020-02-21,3,Bioenergy with carbon capture and storage (BECCS),B,2025,false
14414,,2020-02-28,3,Empty Shell,E,,false
14430,POST PB 0036,2020-03-03,3,Understanding insect decline: data and drivers,U,2024,false
14430,POST PB 0036,2020-03-03,3,Understanding insect decline: data and drivers,U,2024,false
14433,POST PN 0619,2020-03-04,3,UK insect decline and extinctions,U,2024,false
14433,POST PN 0619,2020-03-04,3,UK insect decline and extinctions,U,2024,false
14465,POST PN 0620,2020-03-13,3,3D bioprinting in medicine,3,2024,false
14507,POST PN 0621,2020-03-25,3,Infrastructure and climate change,I,2024,false
14556,POST PN 0622,2020-05-06,3,Online extremism,O,2024,false
14572,POST PN 0623,2020-05-18,3,Natural mitigation of flood risk,N,2024,false
14572,POST PN 0623,2020-05-18,3,Natural mitigation of flood risk,N,2024,false
14576,POST PN 0624,2020-05-20,3,Food fraud,F,2024,false
14599,POST PN 0625,2020-06-05,3,Marine renewables,M,2025,false
14599,POST PN 0625,2020-06-05,3,Marine renewables,M,2025,false
14603,POST PN 0626,2020-06-10,3,A resilient UK food system,A,2024,false
14605,POST PN 0629,2020-06-10,3,Cloud computing,C,2024,false
14605,POST PN 0629,2020-06-10,3,Cloud computing,C,2024,false
14606,POST PB 0037,2020-06-11,3,Key EU space programmes,K,2024,false
14607,POST PN 0627,2020-06-11,3,Managing land uses for environmental benefits,M,2024,false
14607,POST PN 0627,2020-06-11,3,Managing land uses for environmental benefits,M,2024,false
14608,POST PN 0628,2020-06-12,3,Remote sensing and machine learning,R,2024,false
14608,POST PN 0628,2020-06-12,3,Remote sensing and machine learning,R,2024,false
14660,POST PB 0038,2020-07-21,3,Outward medical tourism,O,2024,false
14663,POST PB 0039,2020-07-23,3,­­Proposals to increase UK recycling of plastic food packaging,­,2024,false
14704,POST PN 0630,2020-09-15,3,Digital sequence information,D,2024,false
14704,POST PN 0630,2020-09-15,3,Digital sequence information,D,2024,false
14711,POST PN 0631,2020-09-18,3,Edge computing,E,2024,false
14720,POST PN 0632,2020-09-29,3,Heat networks,H,2025,false
14730,POST PN 0633,2020-10-05,3,Interpretable machine learning,I,2024,false
14844,POST PN 0634,2020-11-30,3,Mental health impacts of COVID-19 on NHS staff,M,2024,false
14844,POST PN 0634,2020-11-30,3,Mental health impacts of COVID-19 on NHS staff,M,2024,false
14856,POST PN 0635,2020-12-03,3,Screen use and health in young people,S,2024,false
14923,POST PN 0636,2021-01-11,3,Woodland creation,W,2024,false
14923,POST PN 0636,2021-01-11,3,Woodland creation,W,2024,false
14930,POST PN 0637,2021-01-18,3,AI and healthcare,A,2024,false
14953,POST PN 0638,2021-02-02,3,"Food and drink reformulation to reduce fat, sugar and salt",F,2025,false
15063,POST PN 0639,2021-04-14,3,Distance learning,D,2024,false
15078,POST PN 0640,2021-04-22,3,Childhood Obesity,C,2024,false
15087,POST PN 0641,2021-04-26,3,Living organ donation,L,2025,false
15088,POST PB 0040,2021-04-27,3,Water supply resilience and climate change,W,2024,false
15088,POST PB 0040,2021-04-27,3,Water supply resilience and climate change,W,2024,false
15090,POST PN 0644,2021-04-27,3,Effective biodiversity indicators,E,2024,false
15090,POST PN 0644,2021-04-27,3,Effective biodiversity indicators,E,2024,false
15094,POST PN 0642,2021-04-28,3,Sustainable cooling,S,2025,false
15097,POST PN 0643,2021-05-04,3,Developing essential digital skills,D,2024,false
15131,POST PB 0041,2021-05-21,3,Biodiversity indicators,B,2024,false
15131,POST PB 0041,2021-05-21,3,Biodiversity indicators,B,2024,false
15169,POST PN 0645,2021-06-09,3,Low-carbon hydrogen supply,L,2025,false
15172,POST PN 0646,2021-06-10,3,Regulating product sustainability,R,2024,false
15172,POST PN 0646,2021-06-10,3,Regulating product sustainability,R,2024,false
15240,POST PN 0647,2021-07-15,3,Coastal management,C,2024,false
15240,POST PN 0647,2021-07-15,3,Coastal management,C,2024,false
15244,POST PN 0648,2021-07-20,3,Mental health impacts of the COVID-19 pandemic on adults,M,2024,false
15268,POST PN 0649,2021-08-24,3,Early Childhood Education and Care,E,2024,false
15269,POST PN 0650,2021-08-24,3,Environmental housing standards,E,2024,false
15269,POST PN 0650,2021-08-24,3,Environmental housing standards,E,2024,false
15272,POST PN 0651,2021-08-25,3,Blue carbon,B,2024,false
15281,POST PN 0652,2021-09-02,3,Local nature recovery strategies,L,2024,false
15287,POST PB 0042,2021-09-08,3,Sustainable land management: managing land better for environmental benefits,S,2024,false
15290,POST PN 0653,2021-09-08,3,Children's Mental Health and the COVID-19 Pandemic,C,2024,false
15302,POST PB 0043,2021-09-10,3,Pesticides and health,P,2024,false
15311,POST PN 0654,2021-09-15,3,Defence of space-based assets,D,2024,false
15314,POST PN 0655,2021-09-15,3,Energy sector digitalisation,E,2024,false
15329,POST PN 0656,2021-09-22,3,Smart Cities,S,2024,false
15337,POST PN 0657,2021-09-29,3,Advances in vaccine technologies,A,2024,false
15397,POST PB 0044,2021-11-04,3,Reducing the whole life carbon impact of buildings,R,2024,false
15484,POST PN 0658,2021-12-11,3,Conversion Therapy,C,2024,false
15489,POST PN 0659,2021-12-16,3,Upskilling and retraining the adult workforce,U,2024,false
15506,POST PN 0660,2022-01-06,3,Preventing emerging zoonoses,P,2024,false
15528,POST PN 0661,2022-01-17,3,Reducing agricultural pressures on freshwater ecosystems,R,2024,false
15538,POST PN 0662,2022-01-20,3,Restoring agricultural soils,R,2024,false
15545,POST PN 0663,2022-01-21,3,Genome edited food crops,G,2024,false
15556,POST PN 0664,2022-01-27,3,Sharing public sector data,S,2024,false
15569,POST PB 0045,2022-01-31,3,Mining and the sustainability of metals,M,2024,false
15571,POST PN 0665,2022-02-01,3,International shipping and emissions,I,2024,false
15659,POST PN 0667,2022-03-11,3,Financial risks of nature loss,F,2024,false
15664,POST PN 0666,2022-03-15,3,The Use of Biological Methods in Asylum Age Assessments,T,2024,false
15717,POST PN 0668,2022-04-13,3,Reducing peatland emissions,R,2024,false
15736,POST PB 0046,2022-04-27,3,Geothermal energy,G,2024,false
15743,POST PN 0669,2022-05-10,3,The impact of digital technology on arts and culture in the UK,T,2024,false
15754,POST PN 0670,2022-05-14,3,Innovation in adult social care,I,2024,false
15764,POST PN 0671,2022-05-19,3,Mental Health Act Reform - Race and Ethnic Inequalities,M,2024,false
15770,POST PN 0672,2022-05-23,3,Green steel,G,2024,false
15776,POST PN 0673,2022-05-26,3,Invasive non-native species,I,2024,false
15889,POST PN 0674,2022-07-26,3,Prolonged Disorders of Consciousness,P,2024,false
15894,POST PN 0675,2022-07-27,3,Palliative and end of life care,P,2024,false
15925,POST PN 0676,2022-08-30,3,Energy security,E,2024,false
15928,POST PN 0677,2022-09-01,3,Energy consumption of ICT,E,2024,false
15940,POST PB 0047,2022-09-07,3,Assisted dying,A,2024,false
15946,POST PN 0680,2022-09-14,3,Climate change and security,C,2024,false
15950,POST PN 0678,2022-09-27,3,The habitat restoration target,T,2024,false
15950,POST PN 0678,2022-09-27,3,The habitat restoration target,T,2024,false
15950,POST PN 0678,2022-09-27,3,The habitat restoration target,T,2024,false
15951,POST PB 0048,2022-09-27,3,Restoration and creation of semi-natural habitats,R,2023,false
15955,POST PN 0679,2022-10-03,3,Climate adaptation for nature,C,2024,false
15955,POST PN 0679,2022-10-03,3,Climate adaptation for nature,C,2024,false
15964,POST PN 0681,2022-10-07,3,Automation in military operations,A,2024,false
15965,POST PN 0682,2022-10-07,3,"Performance, Inclusion and Elite Sports - Athletes with Differences in Sex Development",P,2024,false
15967,POST PN 0683,2022-10-07,3,"Performance, Inclusion and Elite Sports - Transgender Athletes",P,2024,false
15985,POST PB 0049,2022-10-17,3,The impact of remote and hybrid working on workers and organisations,T,2024,false
16010,POST PN 0684,2022-10-26,3,States’ use of cyber operations,S,2024,false
16026,POST PN 0685,2022-11-03,3,Mental Health Act Reform - Children and Young People,M,2024,false
16069,POST PB 0050,2022-11-17,3,Genome edited animals,G,2024,false
16102,POST PN 0686,2022-12-06,3,Diet-related Health Inequalities,D,2024,false
16120,POST PN 0687,2022-12-13,3,Nuclear energy in the UK,N,2024,false
16125,POST PN 0688,2022-12-20,3,Longer duration energy storage,L,2024,false
16151,POST PN 0689,2023-01-12,3,Invisible Disabilities in Education and Employment,I,2024,false
16156,POST PN 0690,2023-01-13,3,Biomass for UK energy,B,2024,false
16171,POST PN 0691,2023-01-23,3,Urban outdoor air quality,U,2024,false
16203,POST PN 0692,2023-02-03,3,Digital technology in freight,D,2024,false
17336,POST PN 0693,2023-04-24,3,Trust in the police,T,2024,false
17350,POST PN 0694,2023-05-02,3,Electricity market reform,E,2024,false
17370,POST PN 0695,2023-05-10,3,Reforming the Mental Health Act – Approaches to Improve Patient Choice,R,2023,false
17450,POST PN 0696,2023-06-26,3,Hypersonic missiles,H,2024,false
17459,POST PN 0697,2023-06-28,3,Data science skills in the UK workforce,D,2024,false
17461,POST PN 0698,2023-06-28,3,Marine Protected Areas and Highly Protected Marine Areas,M,2023,false
17474,POST PB 0051,2023-07-04,3,Plant biosecurity in Great Britain,P,2023,false
17493,POST PN 0699,2023-07-14,3,Heat pumps,H,2024,false
17494,POST PN 0700,2023-07-14,3,Problem-solving courts,P,2024,false
17499,POST PN 0701,2023-07-19,3,Public health and climate change: a One Health approach,P,2024,false
17500,POST PN 0702,2023-07-24,3,Measuring sustainable environment-food system interactions,M,2024,false
17502,POST PN 0703,2023-07-25,3,Local area energy planning: achieving net zero locally,L,2024,false
17504,POST PB 0052,2023-07-27,3,The use of short prison sentences in England and Wales,T,2024,false
17506,POST PN 0704,2023-07-31,3,Child food insecurity and Free School Meals,C,2024,false
17510,POST PB 0053,2023-08-02,3,"Factors shaping gender incongruence and gender dysphoria, and impact on health services",F,2023,false
17553,POST PB 0054,2023-09-25,3,Indoor Air Quality,I,2024,false
17558,POST PN 0705,2023-10-03,3,Online Advertising Technology and Competition,O,2024,false
17563,POST PN 0706,2023-10-10,3,What is a just transition for environmental targets?,W,2024,false
17563,POST PN 0706,2023-10-10,3,What is a just transition for environmental targets?,W,2024,false
17586,POST PN 0707,2023-10-30,3,Future of Horticulture,F,2023,false
17609,POST PB 0055,2023-11-22,3,Hormone Treatments for Children and Young People with Gender Dysphoria,H,2024,false
17657,POST PB 0056,2023-12-11,3,Men's health,M,2023,false
17665,POST PB 0057,2023-12-14,3,Artificial Intelligence: An explainer,A,2024,false
17680,POST PB 0058,2024-01-03,3,"Prison population growth: drivers, implications and policy considerations",P,2024,false
17682,POST PN 0708,2024-01-08,3,Policy implications of artificial  intelligence (AI),P,2024,false
17685,POST PN 0709,2024-01-10,3,Freshwater habitat restoration,F,2024,false
17699,POST PN 0710,2024-01-16,3,The future of fertiliser use,T,2024,false
17705,POST PN 0711,2024-01-17,3,Green skills for education and employment,G,2024,false
17717,POST PN 0713,2024-01-22,3,Carbon offsetting,C,2024,false
17719,POST PN 0712,2024-01-23,3,Use of artificial intelligence in education delivery and assessment,U,2024,false
17751,POST PN 0714,2024-02-06,3,Enabling green choices for net zero,E,2024,false
17771,POST PN 0715,2024-02-19,3,Demand side response: A tool for lowering household energy bills,D,2024,false
17795,POST PN 0716,2024-02-28,3,Human stem cell-based embryo models,H,2024,false
17855,POST PN 0717,2024-04-10,3,Wildfire risks to UK landscapes,W,2024,false
17873,POST PN 0718,2024-04-23,3,"Food, diet, nutrition and cancer",F,2024,false
17886,POST PN 0719,2024-04-25,3,"Disinformation: sources, spread and impact",D,2024,false
17888,POST PN 0720,2024-04-26,3,Social and psychological implications of fraud,S,2024,false
17893,POST PN 0721,2024-05-01,3,Supply of semiconductor chips,S,2024,false
17900,POST PN 0722,2024-05-03,3,Mental Health Act reform - impacts on autistic people and people with a learning disability,M,2024,false
17931,POST PN 0723,2024-05-22,3,Public health impacts of heat,P,2024,false
17931,POST PN 0723,2024-05-22,3,Public health impacts of heat,P,2024,false
17958,POST PN 0726,2024-07-09,3,Enhanced rock weathering: Potential UK greenhouse gas removal,E,2024,false
17963,POST PB 0059,2024-07-12,3,Health impacts of ultra-processed foods,H,2024,false
17969,POST PB 0060,2024-07-17,3,Food Waste,F,2024,false
17971,,2024-07-17,3,Roller blinds,R,,false
17974,POST PB 0061,2024-07-17,3,What is the metaverse and what impacts will it have for society?,W,2024,false
17996,POST PN 0724,2024-07-30,3,Reducing plastic waste,R,2024,false
17999,POST PB 0062,2024-08-01,3,Automated vehicles,A,2024,false
18002,POST PN 0725,2024-08-01,3,Digital disengagement and impacts on exclusion,D,2024,false
18021,POST PN 0727,2024-08-27,3,Trust in News Providers,T,2024,false
18025,POST PN 0728,2024-08-28,3,Biodiversity net gain,B,2024,false
18047,POST PN 0729,2024-09-18,3,Housing insecurity in the private rented sector in England: drivers and impacts,H,2024,false
18048,POST PN 0730,2024-09-18,3,Housing insecurity in the private rented sector in England: policy implications,H,2024,false
18053,POST PN 0731,2024-09-23,3,"Biometric data: Misuse, use, and collation",B,2024,false
18082,POST PN 0732,2024-10-14,3,Consumer debt and mental health,C,2024,false
18107,POST PN 0733,2024-10-24,3,Support for neurodivergent children and young people,S,2024,false
18174,,2024-11-29,3,Nul return,N,,false
18177,POST PN 0734,2024-12-02,3,6G mobile technology,6,2024,false
18189,POST PN 0735,2024-12-10,3,Energy security and AI,E,2024,false
18193,POST PB 0063,2024-12-10,3,Water fluoridation and dental health: 2024 update,W,2025,false
18213,POST PN 0736,2025-01-03,3,Planning for net zero,P,2025,false
18268,POST PN 0737,2025-01-31,3,AI and Mental Healthcare – opportunities and delivery considerations,A,2025,false
18269,POST PN 0738,2025-01-31,3,AI and Mental Healthcare – ethical and regulatory considerations,A,2025,false
18269,POST PN 0738,2025-01-31,3,AI and Mental Healthcare – ethical and regulatory considerations,A,2025,false
18269,POST PN 0738,2025-01-31,3,AI and Mental Healthcare – ethical and regulatory considerations,A,2025,false
18285,POST PN 0739,2025-02-06,3,Children's wellbeing in schools,C,2025,false
18285,POST PN 0739,2025-02-06,3,Children's wellbeing in schools,C,2025,false
18291,POST PB 0064,2025-02-12,3,Psychedelic-assisted therapy for mental health: Policy considerations,P,2025,false
18372,POST PB 0065,2025-03-31,3,20 mph speed limits and zones: public health impacts,2,2025,false
18397,POST PN 0740,2025-04-11,3,Cultivated meat,C,2025,false
18404,POST PN 0741,2025-04-17,3,Consumer wearable devices and disease prevention,C,2025,false
18406,POST PN 0742,2025-04-17,3,"Quantum computing, sensing and communications",Q,2025,false
18414,POST PN 0743,2025-04-25,3,Digital Transformation in Government,D,2025,false
18415,POST PN 0744,2025-04-28,3,Virtual wards and hospital at home,V,2025,false
18456,POST PN 0745,2025-05-20,3,Impacts of birthrate decline,I,2025,false
18461,POST PB 0066,2025-05-21,3,"Trust, public engagement and UK Parliament",T,2025,false
18466,POST PN 0746,2025-05-23,3,UK STEM skills pipeline,U,2025,false
18474,POST PN 0747,2025-06-02,3,Regulation and remediation of ‘forever’ chemicals,R,2025,false
18501,POST PN 0748,2025-06-16,3,Regenerative agriculture,R,2025,false
18542,POST PN 0749,2025-07-02,3,Electromagnetic (electronic) warfare,E,2025,false
18567,POST PB 0067,2025-07-18,3,Geographical differences in healthy life expectancy,G,2025,false
18584,POST PN 0750,2025-08-06,3,Violence against women and girls in schools and among children and young people,V,2025,false
18585,POST PN 0751,2025-08-08,3,Defending UK airspace,D,2025,false
18598,POST PN 0752,2025-08-27,3,Winter mortality,W,2025,false
18613,POST PN 0753,2025-09-09,3,Cyber resilience of UK digital infrastructure,C,2025,false
18700,POST PB 0068,2025-10-30,3,Parliamentary scrutiny of government spending plans,P,2025,false
18749,POST PN 0754,2025-11-25,3,Sickle cell and beta thalassemia: what are the treatment options and challenges?,S,2025,false
18808,POST PN 0755,2025-12-17,3,Changes to nutrient neutrality in England,C,2025,false
18817,POST PN 0756,2025-12-19,3,Technology alternatives to animals in life sciences research,T,2026,false
18823,POST PN 0757,2025-12-23,3,Artificial intelligence (AI) and employment,A,2025,false
18834,POST PN 0758,2026-01-08,3,Access to Justice: Legal aid and services,A,2026,false
18857,POST PN 0759,2026-01-20,3,Management of legacy landfill,M,2026,false
18902,POST PN 0760,2026-02-05,3,Improving outcomes and support for children in care,I,2026,false
