<?xml version="1.0" encoding="utf-8"?>
<thesaurusStructure version="6">
  <properties>
    <property>
      <pName>SchemaVersion</pName>
      <pValue>52</pValue>
    </property>
    <property>
      <pName>ThesaurusName</pName>
      <pValue>parliament_new</pValue>
    </property>
    <property>
      <pName>EnableOntologies</pName>
      <pValue>1</pValue>
    </property>
    <property>
      <pName>DuplicateNamesAllowed</pName>
      <pValue>0</pValue>
    </property>
    <property>
      <pName>DuplicateNamesInDifferentClasses</pName>
      <pValue>1</pValue>
    </property>
    <property>
      <pName>SemaphoreSettingsAttributes</pName>
      <pValue>Do not use for concept mapping</pValue>
    </property>
    <property>
      <pName>SemaphoreSettingsChoices</pName>
      <pValue>Influence in rulebase; Behaviour in rulebase; Rulebase action;Match on stemmed term;Behaviour in rulebase;Rulebase action;Match on case;Escape special characters</pValue>
    </property>
    <property>
      <pName>IdOfDefaultLanguage</pName>
      <pValue>2</pValue>
    </property>
    <property>
      <pName>zthesid.type</pName>
      <pValue>alphanum</pValue>
    </property>
    <property>
      <pName>SemaphoreSettingsNotes</pName>
      <pValue>Display name</pValue>
    </property>
  </properties>
  <languages>
    <language id="2">
      <languageName>English</languageName>
      <languageIsoCode>eng</languageIsoCode>
    </language>
  </languages>
  <attributeTypes>
    <attributeType addToNewTerms="0" changeable="1" propagateToChildren="0" id="3" translatable="1">
      <name>ID</name>
    </attributeType>
    <attributeType addToNewTerms="0" changeable="1" propagateToChildren="0" id="4" translatable="1">
      <name>SIT</name>
    </attributeType>
    <attributeType addToNewTerms="0" changeable="1" propagateToChildren="0" id="5" translatable="1">
      <name>ORG</name>
    </attributeType>
    <attributeType addToNewTerms="0" changeable="1" propagateToChildren="0" id="6" translatable="1">
      <name>TPG</name>
    </attributeType>
    <attributeType addToNewTerms="0" changeable="1" propagateToChildren="0" id="7" translatable="1">
      <name>Top Term</name>
    </attributeType>
    <attributeType addToNewTerms="0" changeable="1" propagateToChildren="0" id="8" translatable="1">
      <name>Procedural term</name>
    </attributeType>
    <attributeType addToNewTerms="0" changeable="1" propagateToChildren="0" id="10" translatable="1">
      <name>Geographical term</name>
    </attributeType>
    <attributeType addToNewTerms="0" changeable="1" propagateToChildren="0" id="11" translatable="1">
      <name>BriefingPapers Section</name>
    </attributeType>
    <attributeType addToNewTerms="0" changeable="1" propagateToChildren="0" id="12" translatable="1">
      <name>BriefingPapers Publisher</name>
    </attributeType>
    <attributeType addToNewTerms="0" changeable="1" propagateToChildren="0" id="13" translatable="1">
      <name>ESID Publisher</name>
    </attributeType>
    <attributeType addToNewTerms="0" changeable="1" propagateToChildren="0" id="23" translatable="1">
      <name>EP Committee</name>
    </attributeType>
    <attributeType addToNewTerms="0" changeable="1" propagateToChildren="0" id="24" translatable="1">
      <name>Staff Name</name>
    </attributeType>
    <attributeType addToNewTerms="0" changeable="1" propagateToChildren="0" id="25" translatable="1">
      <name>BriefingPapers Author</name>
    </attributeType>
    <attributeType addToNewTerms="0" changeable="1" propagateToChildren="0" id="26" translatable="1">
      <name>Current</name>
    </attributeType>
    <attributeType addToNewTerms="0" changeable="1" propagateToChildren="0" id="28" translatable="1">
      <name>Government department</name>
    </attributeType>
    <attributeType addToNewTerms="0" changeable="1" propagateToChildren="0" id="29" translatable="1">
      <name>Member</name>
    </attributeType>
    <attributeType addToNewTerms="0" changeable="1" propagateToChildren="0" id="30" translatable="1">
      <name>ESID Corporate Author</name>
    </attributeType>
    <attributeType addToNewTerms="0" changeable="1" propagateToChildren="0" id="31" translatable="1">
      <name>Bridge page term</name>
    </attributeType>
    <attributeType addToNewTerms="0" changeable="1" propagateToChildren="0" id="32" translatable="1">
      <name>Legislative stage</name>
    </attributeType>
    <attributeType addToNewTerms="0" changeable="1" propagateToChildren="0" id="34" translatable="1">
      <name>Chamber/Committee</name>
    </attributeType>
    <attributeType addToNewTerms="0" changeable="1" propagateToChildren="0" id="35" translatable="1">
      <name>PQ answering department</name>
    </attributeType>
    <attributeType addToNewTerms="0" changeable="1" propagateToChildren="0" id="36" translatable="1">
      <name>HasMetadataRelatingToOtherSystems</name>
    </attributeType>
    <attributeType addToNewTerms="0" changeable="1" propagateToChildren="0" id="37" translatable="1">
      <name>Party affiliation</name>
    </attributeType>
    <attributeType addToNewTerms="0" changeable="1" propagateToChildren="0" id="38" translatable="1">
      <name>Parliamentary constituency</name>
    </attributeType>
    <attributeType addToNewTerms="0" changeable="0" propagateToChildren="0" id="39" translatable="1">
      <name>Do not use for concept mapping</name>
    </attributeType>
    <attributeType addToNewTerms="0" changeable="1" propagateToChildren="0" id="40" translatable="1">
      <name>Intranet only</name>
    </attributeType>
    <attributeType addToNewTerms="0" changeable="1" propagateToChildren="0" id="41" translatable="1">
      <name>Subject specialist term</name>
    </attributeType>
    <attributeType addToNewTerms="0" changeable="1" propagateToChildren="0" id="42" translatable="1">
      <name>Daily list item</name>
    </attributeType>
    <attributeType addToNewTerms="0" changeable="1" propagateToChildren="0" id="43" translatable="1">
      <name>EVEL extent</name>
    </attributeType>
    <attributeType addToNewTerms="0" changeable="1" propagateToChildren="0" id="44" translatable="1">
      <name>Guide to procedure term</name>
    </attributeType>
    <attributeType addToNewTerms="0" changeable="1" propagateToChildren="0" id="45" translatable="1">
      <name>CBT term</name>
    </attributeType>
    <attributeType addToNewTerms="0" changeable="1" propagateToChildren="0" id="46" translatable="1">
      <name>General application term</name>
    </attributeType>
    <attributeType addToNewTerms="0" changeable="1" propagateToChildren="0" id="47" translatable="1">
      <name>Committees subject term</name>
    </attributeType>
  </attributeTypes>
  <choiceTypes>
    <choiceType changeable="0" defaultValueId="13" id="5" translatable="1">
      <name>Match on stemmed term</name>
      <values>
        <value id="14">No</value>
        <value id="13">Yes</value>
      </values>
    </choiceType>
    <choiceType changeable="0" defaultValueId="15" id="6" translatable="1">
      <name>Behaviour in rulebase</name>
      <values>
        <value id="15">Allow phrase variants (default)</value>
        <value id="16">Treat as exact phrase only</value>
      </values>
    </choiceType>
    <choiceType changeable="0" defaultValueId="20" id="7" translatable="1">
      <name>Influence in rulebase</name>
      <values>
        <value id="21">High</value>
        <value id="22">Low</value>
        <value id="24">None</value>
        <value id="20">Normal (default)</value>
        <value id="23">Tag if present</value>
      </values>
    </choiceType>
    <choiceType changeable="0" defaultValueId="17" id="8" translatable="1">
      <name>Rulebase action</name>
      <values>
        <value id="18">Do not generate rulebase</value>
        <value id="17">Generate rulebase (default)</value>
        <value id="19">Substitute in manually edited rulebase</value>
      </values>
    </choiceType>
    <choiceType changeable="0" defaultValueId="25" id="9" translatable="1">
      <name>Match on case</name>
      <values>
        <value id="26">No</value>
        <value id="25">Yes</value>
      </values>
    </choiceType>
    <choiceType changeable="0" defaultValueId="27" id="10" translatable="1">
      <name>Escape special characters</name>
      <values>
        <value id="28">No</value>
        <value id="27">Yes</value>
      </values>
    </choiceType>
  </choiceTypes>
  <noteTypes>
    <noteType changeable="1" unique="0" id="2" translatable="1">
      <name>Scope note</name>
      <defaultValue/>
      <regexpType minLength="0" maxLength="4000" expr=".*"/>
    </noteType>
    <noteType changeable="1" unique="0" id="3" translatable="1">
      <name>Editorial/revision note</name>
      <defaultValue/>
      <regexpType minLength="0" maxLength="4000" expr=".*"/>
    </noteType>
    <noteType changeable="1" unique="0" id="5" translatable="1">
      <name>Email Address</name>
      <defaultValue/>
      <regexpType minLength="0" maxLength="4000" expr=".*"/>
    </noteType>
    <noteType changeable="1" unique="0" id="6" translatable="1">
      <name>Phone Extension</name>
      <defaultValue/>
      <regexpType minLength="0" maxLength="4000" expr=".*"/>
    </noteType>
    <noteType changeable="1" unique="0" id="7" translatable="1">
      <name>Dates (1) From</name>
      <defaultValue>NULL</defaultValue>
      <regexpType minLength="0" maxLength="10" expr="^(NULL|[0-9][0-9]/[0-9][0-9]/[0-9][0-9][0-9][0-9])$"/>
    </noteType>
    <noteType changeable="1" unique="0" id="8" translatable="1">
      <name>Dates (1) To</name>
      <defaultValue>NULL</defaultValue>
      <regexpType minLength="0" maxLength="10" expr="^(NULL|[0-9][0-9]/[0-9][0-9]/[0-9][0-9][0-9][0-9])$"/>
    </noteType>
    <noteType changeable="1" unique="0" id="9" translatable="1">
      <name>Dates (2) From</name>
      <defaultValue>NULL</defaultValue>
      <regexpType minLength="0" maxLength="10" expr="^(NULL|[0-9][0-9]/[0-9][0-9]/[0-9][0-9][0-9][0-9])$"/>
    </noteType>
    <noteType changeable="1" unique="0" id="10" translatable="1">
      <name>Dates (2) To</name>
      <defaultValue>NULL</defaultValue>
      <regexpType minLength="0" maxLength="10" expr="^(NULL|[0-9][0-9]/[0-9][0-9]/[0-9][0-9][0-9][0-9])$"/>
    </noteType>
    <noteType changeable="1" unique="0" id="11" translatable="1">
      <name>Dates (3) From</name>
      <defaultValue>NULL</defaultValue>
      <regexpType minLength="0" maxLength="10" expr="^(NULL|[0-9][0-9]/[0-9][0-9]/[0-9][0-9][0-9][0-9])$"/>
    </noteType>
    <noteType changeable="1" unique="0" id="12" translatable="1">
      <name>Dates (3) To</name>
      <defaultValue>NULL</defaultValue>
      <regexpType minLength="0" maxLength="10" expr="^(NULL|[0-9][0-9]/[0-9][0-9]/[0-9][0-9][0-9][0-9])$"/>
    </noteType>
    <noteType changeable="1" unique="0" id="13" translatable="1">
      <name>PIMS ID (1)</name>
      <defaultValue/>
      <regexpType minLength="0" maxLength="20" expr=".*"/>
    </noteType>
    <noteType changeable="1" unique="0" id="14" translatable="1">
      <name>Indexer note</name>
      <defaultValue/>
      <regexpType minLength="0" maxLength="4000" expr=".*"/>
    </noteType>
    <noteType changeable="1" unique="0" id="15" translatable="1">
      <name>PIMS ID (2)</name>
      <defaultValue/>
      <regexpType minLength="0" maxLength="20" expr=".*"/>
    </noteType>
    <noteType changeable="1" unique="0" id="16" translatable="1">
      <name>MNIS ID</name>
      <defaultValue/>
      <regexpType minLength="0" maxLength="20" expr=".*"/>
    </noteType>
    <noteType changeable="1" unique="0" id="17" translatable="1">
      <name>MNIS Dept ID</name>
      <defaultValue/>
      <regexpType minLength="0" maxLength="20" expr=".*"/>
    </noteType>
    <noteType changeable="1" unique="0" id="18" translatable="1">
      <name>PIMS ID (3)</name>
      <defaultValue/>
      <regexpType minLength="0" maxLength="20" expr=".*"/>
    </noteType>
    <noteType changeable="1" unique="0" id="20" translatable="1">
      <name>MNIS ID (2)</name>
      <defaultValue/>
      <regexpType minLength="0" maxLength="20" expr=".*"/>
    </noteType>
    <noteType changeable="1" unique="0" id="21" translatable="1">
      <name>MNIS ID (3)</name>
      <defaultValue/>
      <regexpType minLength="0" maxLength="20" expr=".*"/>
    </noteType>
    <noteType changeable="1" unique="0" id="22" translatable="1">
      <name>MNIS ID (4)</name>
      <defaultValue/>
      <regexpType minLength="0" maxLength="20" expr=".*"/>
    </noteType>
    <noteType changeable="1" unique="0" id="23" translatable="1">
      <name>AnsweringBodyId</name>
      <defaultValue>0</defaultValue>
      <numericType scale="5" minValue="0" maxValue="100000" precision="32"/>
    </noteType>
    <noteType changeable="1" unique="0" id="24" translatable="1">
      <name>MNIS Party ID</name>
      <defaultValue/>
      <regexpType minLength="0" maxLength="10" expr=".*"/>
    </noteType>
    <noteType changeable="0" unique="0" id="25" translatable="1">
      <name>Display name</name>
      <defaultValue/>
      <regexpType minLength="0" maxLength="200" expr=".*"/>
    </noteType>
    <noteType changeable="1" unique="0" id="26" translatable="1">
      <name>Decision/discussion history note</name>
      <defaultValue/>
      <regexpType minLength="0" maxLength="4000" expr=".*"/>
    </noteType>
    <noteType changeable="1" unique="0" id="27" translatable="1">
      <name>Briefing reference scheme note</name>
      <defaultValue/>
      <regexpType minLength="0" maxLength="100" expr=".*"/>
    </noteType>
    <noteType changeable="1" unique="1" id="29" translatable="1">
      <name>Wikidata ID</name>
      <defaultValue/>
      <regexpType minLength="0" maxLength="100" expr=".*"/>
    </noteType>
  </noteTypes>
  <relationshipTypes>
    <relationshipType baseTypeCode="0" changeable="0" id="1">
      <forwardName abbreviation="NT">Narrower Term</forwardName>
      <reverseName abbreviation="BT">Broader Term</reverseName>
      <attributeTypesForRelationshipType>
        <attributeTypeForRelationshipType typeId="8"/>
        <attributeTypeForRelationshipType typeId="31"/>
        <attributeTypeForRelationshipType typeId="46"/>
        <attributeTypeForRelationshipType typeId="30"/>
        <attributeTypeForRelationshipType typeId="23"/>
      </attributeTypesForRelationshipType>
    </relationshipType>
    <relationshipType baseTypeCode="1" changeable="0" id="2">
      <forwardName abbreviation="RT">Related To</forwardName>
      <reverseName abbreviation="RT">Related To</reverseName>
      <attributeTypesForRelationshipType>
        <attributeTypeForRelationshipType typeId="8"/>
        <attributeTypeForRelationshipType typeId="31"/>
        <attributeTypeForRelationshipType typeId="30"/>
        <attributeTypeForRelationshipType typeId="23"/>
      </attributeTypesForRelationshipType>
    </relationshipType>
    <relationshipType baseTypeCode="2" changeable="0" id="3">
      <forwardName abbreviation="USE">Use</forwardName>
      <reverseName abbreviation="UF">Use For</reverseName>
      <attributeTypesForRelationshipType>
        <attributeTypeForRelationshipType typeId="8"/>
        <attributeTypeForRelationshipType typeId="46"/>
        <attributeTypeForRelationshipType typeId="30"/>
        <attributeTypeForRelationshipType typeId="31"/>
      </attributeTypesForRelationshipType>
    </relationshipType>
    <relationshipType baseTypeCode="1" changeable="1" id="5">
      <forwardName abbreviation="BP">Belongs to Party</forwardName>
      <reverseName abbreviation="HPM">Has Party Member</reverseName>
      <noteTypesForRelationshipType>
        <noteTypeForRelationshipType typeId="7"/>
        <noteTypeForRelationshipType typeId="8"/>
        <noteTypeForRelationshipType typeId="9"/>
        <noteTypeForRelationshipType typeId="10"/>
        <noteTypeForRelationshipType typeId="11"/>
        <noteTypeForRelationshipType typeId="12"/>
      </noteTypesForRelationshipType>
    </relationshipType>
    <relationshipType baseTypeCode="1" changeable="1" id="6">
      <forwardName abbreviation="MF">Member for</forwardName>
      <reverseName abbreviation="HM">Has Member</reverseName>
      <noteTypesForRelationshipType>
        <noteTypeForRelationshipType typeId="7"/>
        <noteTypeForRelationshipType typeId="8"/>
        <noteTypeForRelationshipType typeId="9"/>
        <noteTypeForRelationshipType typeId="10"/>
        <noteTypeForRelationshipType typeId="11"/>
        <noteTypeForRelationshipType typeId="12"/>
      </noteTypesForRelationshipType>
    </relationshipType>
    <relationshipType baseTypeCode="1" changeable="1" id="7">
      <forwardName abbreviation="ML">Member of Legislature</forwardName>
      <reverseName abbreviation="HML">Has Member of Legislature</reverseName>
      <noteTypesForRelationshipType>
        <noteTypeForRelationshipType typeId="7"/>
        <noteTypeForRelationshipType typeId="8"/>
        <noteTypeForRelationshipType typeId="9"/>
        <noteTypeForRelationshipType typeId="10"/>
        <noteTypeForRelationshipType typeId="11"/>
        <noteTypeForRelationshipType typeId="12"/>
      </noteTypesForRelationshipType>
    </relationshipType>
    <relationshipType baseTypeCode="1" changeable="1" id="8">
      <forwardName abbreviation="MIF">Minister for</forwardName>
      <reverseName abbreviation="HMI">Has Minister</reverseName>
      <noteTypesForRelationshipType>
        <noteTypeForRelationshipType typeId="7"/>
        <noteTypeForRelationshipType typeId="8"/>
        <noteTypeForRelationshipType typeId="9"/>
        <noteTypeForRelationshipType typeId="10"/>
        <noteTypeForRelationshipType typeId="11"/>
        <noteTypeForRelationshipType typeId="12"/>
      </noteTypesForRelationshipType>
    </relationshipType>
    <relationshipType baseTypeCode="1" changeable="1" id="10">
      <forwardName abbreviation="HPB">Has publisher</forwardName>
      <reverseName abbreviation="PUB">Publisher of</reverseName>
    </relationshipType>
  </relationshipTypes>
  <classTypes>
    <classType id="6">
      <classTypeName>ID</classTypeName>
      <attributeTypesForClassType>
        <attributeTypeForClassType typeId="34"/>
        <attributeTypeForClassType typeId="3"/>
        <attributeTypeForClassType typeId="38"/>
        <attributeTypeForClassType typeId="6"/>
        <attributeTypeForClassType typeId="7"/>
        <attributeTypeForClassType typeId="8"/>
        <attributeTypeForClassType typeId="41"/>
        <attributeTypeForClassType typeId="10"/>
        <attributeTypeForClassType typeId="39"/>
        <attributeTypeForClassType typeId="44"/>
        <attributeTypeForClassType typeId="45"/>
        <attributeTypeForClassType typeId="46"/>
        <attributeTypeForClassType typeId="47"/>
        <attributeTypeForClassType typeId="31"/>
      </attributeTypesForClassType>
      <choiceTypesForClassType>
        <choiceTypeForClassType typeId="5" mandatory="0"/>
        <choiceTypeForClassType typeId="6" mandatory="0"/>
        <choiceTypeForClassType typeId="7" mandatory="0"/>
        <choiceTypeForClassType typeId="8" mandatory="0"/>
        <choiceTypeForClassType typeId="9" mandatory="0"/>
        <choiceTypeForClassType typeId="10" mandatory="0"/>
      </choiceTypesForClassType>
      <noteTypesForClassType>
        <noteTypeForClassType typeId="2" mandatory="0"/>
        <noteTypeForClassType typeId="3" mandatory="0"/>
        <noteTypeForClassType typeId="14" mandatory="0"/>
        <noteTypeForClassType typeId="25" mandatory="0"/>
        <noteTypeForClassType typeId="26" mandatory="0"/>
        <noteTypeForClassType typeId="29" mandatory="0"/>
      </noteTypesForClassType>
      <relationshipTypesForClassType>
        <relationshipTypeForClassType typeId="1" targetClassTypeId="6"/>
        <relationshipTypeForClassType typeId="2" targetClassTypeId="6"/>
        <relationshipTypeForClassType typeId="1" targetClassTypeId="8"/>
        <relationshipTypeForClassType typeId="2" targetClassTypeId="8"/>
        <relationshipTypeForClassType typeId="1" targetClassTypeId="7"/>
        <relationshipTypeForClassType typeId="2" targetClassTypeId="7"/>
        <relationshipTypeForClassType typeId="2" targetClassTypeId="18"/>
        <relationshipTypeForClassType typeId="2" targetClassTypeId="10"/>
      </relationshipTypesForClassType>
    </classType>
    <classType id="7">
      <classTypeName>SIT</classTypeName>
      <attributeTypesForClassType>
        <attributeTypeForClassType typeId="32"/>
        <attributeTypeForClassType typeId="34"/>
        <attributeTypeForClassType typeId="43"/>
        <attributeTypeForClassType typeId="4"/>
        <attributeTypeForClassType typeId="6"/>
        <attributeTypeForClassType typeId="7"/>
        <attributeTypeForClassType typeId="8"/>
        <attributeTypeForClassType typeId="41"/>
        <attributeTypeForClassType typeId="10"/>
        <attributeTypeForClassType typeId="39"/>
        <attributeTypeForClassType typeId="44"/>
        <attributeTypeForClassType typeId="45"/>
        <attributeTypeForClassType typeId="46"/>
        <attributeTypeForClassType typeId="47"/>
        <attributeTypeForClassType typeId="36"/>
        <attributeTypeForClassType typeId="31"/>
      </attributeTypesForClassType>
      <choiceTypesForClassType>
        <choiceTypeForClassType typeId="5" mandatory="0"/>
        <choiceTypeForClassType typeId="6" mandatory="0"/>
        <choiceTypeForClassType typeId="7" mandatory="0"/>
        <choiceTypeForClassType typeId="8" mandatory="0"/>
        <choiceTypeForClassType typeId="9" mandatory="0"/>
        <choiceTypeForClassType typeId="10" mandatory="0"/>
      </choiceTypesForClassType>
      <noteTypesForClassType>
        <noteTypeForClassType typeId="2" mandatory="0"/>
        <noteTypeForClassType typeId="3" mandatory="0"/>
        <noteTypeForClassType typeId="14" mandatory="0"/>
        <noteTypeForClassType typeId="17" mandatory="0"/>
        <noteTypeForClassType typeId="25" mandatory="0"/>
        <noteTypeForClassType typeId="26" mandatory="0"/>
        <noteTypeForClassType typeId="29" mandatory="0"/>
      </noteTypesForClassType>
      <relationshipTypesForClassType>
        <relationshipTypeForClassType typeId="1" targetClassTypeId="7"/>
        <relationshipTypeForClassType typeId="2" targetClassTypeId="7"/>
        <relationshipTypeForClassType typeId="1" targetClassTypeId="6"/>
        <relationshipTypeForClassType typeId="1" targetClassTypeId="8"/>
        <relationshipTypeForClassType typeId="2" targetClassTypeId="8"/>
        <relationshipTypeForClassType typeId="2" targetClassTypeId="18"/>
        <relationshipTypeForClassType typeId="2" targetClassTypeId="10"/>
      </relationshipTypesForClassType>
    </classType>
    <classType id="8">
      <classTypeName>ORG</classTypeName>
      <attributeTypesForClassType>
        <attributeTypeForClassType typeId="34"/>
        <attributeTypeForClassType typeId="35"/>
        <attributeTypeForClassType typeId="36"/>
        <attributeTypeForClassType typeId="5"/>
        <attributeTypeForClassType typeId="6"/>
        <attributeTypeForClassType typeId="7"/>
        <attributeTypeForClassType typeId="8"/>
        <attributeTypeForClassType typeId="41"/>
        <attributeTypeForClassType typeId="11"/>
        <attributeTypeForClassType typeId="12"/>
        <attributeTypeForClassType typeId="13"/>
        <attributeTypeForClassType typeId="44"/>
        <attributeTypeForClassType typeId="23"/>
        <attributeTypeForClassType typeId="45"/>
        <attributeTypeForClassType typeId="39"/>
        <attributeTypeForClassType typeId="26"/>
        <attributeTypeForClassType typeId="47"/>
        <attributeTypeForClassType typeId="28"/>
        <attributeTypeForClassType typeId="29"/>
        <attributeTypeForClassType typeId="30"/>
        <attributeTypeForClassType typeId="37"/>
      </attributeTypesForClassType>
      <choiceTypesForClassType>
        <choiceTypeForClassType typeId="5" mandatory="0"/>
        <choiceTypeForClassType typeId="6" mandatory="0"/>
        <choiceTypeForClassType typeId="7" mandatory="0"/>
        <choiceTypeForClassType typeId="8" mandatory="0"/>
        <choiceTypeForClassType typeId="9" mandatory="0"/>
        <choiceTypeForClassType typeId="10" mandatory="0"/>
      </choiceTypesForClassType>
      <noteTypesForClassType>
        <noteTypeForClassType typeId="2" mandatory="0"/>
        <noteTypeForClassType typeId="3" mandatory="0"/>
        <noteTypeForClassType typeId="13" mandatory="0"/>
        <noteTypeForClassType typeId="14" mandatory="0"/>
        <noteTypeForClassType typeId="17" mandatory="0"/>
        <noteTypeForClassType typeId="23" mandatory="0"/>
        <noteTypeForClassType typeId="24" mandatory="0"/>
        <noteTypeForClassType typeId="25" mandatory="0"/>
        <noteTypeForClassType typeId="26" mandatory="0"/>
        <noteTypeForClassType typeId="29" mandatory="0"/>
      </noteTypesForClassType>
      <relationshipTypesForClassType>
        <relationshipTypeForClassType typeId="1" targetClassTypeId="8"/>
        <relationshipTypeForClassType typeId="2" targetClassTypeId="8"/>
        <relationshipTypeForClassType typeId="1" targetClassTypeId="6"/>
        <relationshipTypeForClassType typeId="1" targetClassTypeId="7"/>
        <relationshipTypeForClassType typeId="2" targetClassTypeId="12"/>
        <relationshipTypeForClassType typeId="2" targetClassTypeId="10"/>
        <relationshipTypeForClassType typeId="5" targetClassTypeId="18"/>
      </relationshipTypesForClassType>
    </classType>
    <classType id="9">
      <classTypeName>TPG</classTypeName>
      <attributeTypesForClassType>
        <attributeTypeForClassType typeId="39"/>
        <attributeTypeForClassType typeId="31"/>
        <attributeTypeForClassType typeId="41"/>
        <attributeTypeForClassType typeId="6"/>
        <attributeTypeForClassType typeId="7"/>
      </attributeTypesForClassType>
      <choiceTypesForClassType>
        <choiceTypeForClassType typeId="5" mandatory="0"/>
        <choiceTypeForClassType typeId="6" mandatory="0"/>
        <choiceTypeForClassType typeId="7" mandatory="0"/>
        <choiceTypeForClassType typeId="8" mandatory="0"/>
        <choiceTypeForClassType typeId="9" mandatory="0"/>
        <choiceTypeForClassType typeId="10" mandatory="0"/>
      </choiceTypesForClassType>
      <noteTypesForClassType>
        <noteTypeForClassType typeId="25" mandatory="0"/>
        <noteTypeForClassType typeId="2" mandatory="0"/>
        <noteTypeForClassType typeId="3" mandatory="0"/>
        <noteTypeForClassType typeId="26" mandatory="0"/>
        <noteTypeForClassType typeId="14" mandatory="0"/>
      </noteTypesForClassType>
      <relationshipTypesForClassType>
        <relationshipTypeForClassType typeId="1" targetClassTypeId="9"/>
        <relationshipTypeForClassType typeId="2" targetClassTypeId="9"/>
      </relationshipTypesForClassType>
    </classType>
    <classType id="10">
      <classTypeName>LEG</classTypeName>
      <attributeTypesForClassType>
        <attributeTypeForClassType typeId="8"/>
        <attributeTypeForClassType typeId="44"/>
        <attributeTypeForClassType typeId="39"/>
      </attributeTypesForClassType>
      <choiceTypesForClassType>
        <choiceTypeForClassType typeId="5" mandatory="0"/>
        <choiceTypeForClassType typeId="6" mandatory="0"/>
        <choiceTypeForClassType typeId="7" mandatory="0"/>
        <choiceTypeForClassType typeId="8" mandatory="0"/>
        <choiceTypeForClassType typeId="9" mandatory="0"/>
        <choiceTypeForClassType typeId="10" mandatory="0"/>
      </choiceTypesForClassType>
      <noteTypesForClassType>
        <noteTypeForClassType typeId="2" mandatory="0"/>
        <noteTypeForClassType typeId="3" mandatory="0"/>
        <noteTypeForClassType typeId="14" mandatory="0"/>
        <noteTypeForClassType typeId="25" mandatory="0"/>
        <noteTypeForClassType typeId="26" mandatory="0"/>
        <noteTypeForClassType typeId="29" mandatory="0"/>
      </noteTypesForClassType>
      <relationshipTypesForClassType>
        <relationshipTypeForClassType typeId="1" targetClassTypeId="10"/>
        <relationshipTypeForClassType typeId="2" targetClassTypeId="10"/>
        <relationshipTypeForClassType typeId="1" targetClassTypeId="6"/>
      </relationshipTypesForClassType>
    </classType>
    <classType id="12">
      <classTypeName>NAME</classTypeName>
      <attributeTypesForClassType>
        <attributeTypeForClassType typeId="39"/>
        <attributeTypeForClassType typeId="45"/>
        <attributeTypeForClassType typeId="24"/>
        <attributeTypeForClassType typeId="25"/>
        <attributeTypeForClassType typeId="26"/>
        <attributeTypeForClassType typeId="29"/>
      </attributeTypesForClassType>
      <choiceTypesForClassType>
        <choiceTypeForClassType typeId="5" mandatory="0"/>
        <choiceTypeForClassType typeId="6" mandatory="0"/>
        <choiceTypeForClassType typeId="7" mandatory="0"/>
        <choiceTypeForClassType typeId="8" mandatory="0"/>
        <choiceTypeForClassType typeId="9" mandatory="0"/>
        <choiceTypeForClassType typeId="10" mandatory="0"/>
      </choiceTypesForClassType>
      <noteTypesForClassType>
        <noteTypeForClassType typeId="2" mandatory="0"/>
        <noteTypeForClassType typeId="3" mandatory="0"/>
        <noteTypeForClassType typeId="5" mandatory="0"/>
        <noteTypeForClassType typeId="6" mandatory="0"/>
        <noteTypeForClassType typeId="13" mandatory="0"/>
        <noteTypeForClassType typeId="14" mandatory="0"/>
        <noteTypeForClassType typeId="15" mandatory="0"/>
        <noteTypeForClassType typeId="16" mandatory="0"/>
        <noteTypeForClassType typeId="18" mandatory="0"/>
        <noteTypeForClassType typeId="20" mandatory="0"/>
        <noteTypeForClassType typeId="21" mandatory="0"/>
        <noteTypeForClassType typeId="22" mandatory="0"/>
        <noteTypeForClassType typeId="25" mandatory="0"/>
        <noteTypeForClassType typeId="26" mandatory="0"/>
        <noteTypeForClassType typeId="29" mandatory="0"/>
      </noteTypesForClassType>
      <relationshipTypesForClassType>
        <relationshipTypeForClassType typeId="1" targetClassTypeId="12"/>
        <relationshipTypeForClassType typeId="5" targetClassTypeId="8"/>
        <relationshipTypeForClassType typeId="6" targetClassTypeId="6"/>
        <relationshipTypeForClassType typeId="7" targetClassTypeId="8"/>
        <relationshipTypeForClassType typeId="8" targetClassTypeId="8"/>
        <relationshipTypeForClassType typeId="2" targetClassTypeId="12"/>
      </relationshipTypesForClassType>
    </classType>
    <classType id="18">
      <classTypeName>CTP</classTypeName>
      <attributeTypesForClassType>
        <attributeTypeForClassType typeId="32"/>
        <attributeTypeForClassType typeId="3"/>
        <attributeTypeForClassType typeId="4"/>
        <attributeTypeForClassType typeId="5"/>
        <attributeTypeForClassType typeId="7"/>
        <attributeTypeForClassType typeId="8"/>
        <attributeTypeForClassType typeId="41"/>
        <attributeTypeForClassType typeId="39"/>
        <attributeTypeForClassType typeId="44"/>
        <attributeTypeForClassType typeId="45"/>
        <attributeTypeForClassType typeId="47"/>
        <attributeTypeForClassType typeId="40"/>
      </attributeTypesForClassType>
      <choiceTypesForClassType>
        <choiceTypeForClassType typeId="5" mandatory="0"/>
        <choiceTypeForClassType typeId="6" mandatory="0"/>
        <choiceTypeForClassType typeId="7" mandatory="0"/>
        <choiceTypeForClassType typeId="8" mandatory="0"/>
        <choiceTypeForClassType typeId="9" mandatory="0"/>
        <choiceTypeForClassType typeId="10" mandatory="0"/>
      </choiceTypesForClassType>
      <noteTypesForClassType>
        <noteTypeForClassType typeId="2" mandatory="0"/>
        <noteTypeForClassType typeId="3" mandatory="0"/>
        <noteTypeForClassType typeId="14" mandatory="0"/>
        <noteTypeForClassType typeId="25" mandatory="0"/>
        <noteTypeForClassType typeId="26" mandatory="0"/>
        <noteTypeForClassType typeId="27" mandatory="0"/>
        <noteTypeForClassType typeId="29" mandatory="0"/>
      </noteTypesForClassType>
      <relationshipTypesForClassType>
        <relationshipTypeForClassType typeId="1" targetClassTypeId="18"/>
        <relationshipTypeForClassType typeId="2" targetClassTypeId="18"/>
        <relationshipTypeForClassType typeId="1" targetClassTypeId="7"/>
        <relationshipTypeForClassType typeId="1" targetClassTypeId="6"/>
        <relationshipTypeForClassType typeId="10" targetClassTypeId="18"/>
        <relationshipTypeForClassType typeId="10" targetClassTypeId="8"/>
      </relationshipTypesForClassType>
    </classType>
    <classType id="21">
      <classTypeName>PBT</classTypeName>
      <attributeTypesForClassType>
        <attributeTypeForClassType typeId="42"/>
        <attributeTypeForClassType typeId="39"/>
      </attributeTypesForClassType>
      <choiceTypesForClassType>
        <choiceTypeForClassType typeId="5" mandatory="0"/>
        <choiceTypeForClassType typeId="6" mandatory="0"/>
        <choiceTypeForClassType typeId="7" mandatory="0"/>
        <choiceTypeForClassType typeId="8" mandatory="0"/>
        <choiceTypeForClassType typeId="9" mandatory="0"/>
        <choiceTypeForClassType typeId="10" mandatory="0"/>
      </choiceTypesForClassType>
      <noteTypesForClassType>
        <noteTypeForClassType typeId="25" mandatory="0"/>
      </noteTypesForClassType>
      <relationshipTypesForClassType>
        <relationshipTypeForClassType typeId="1" targetClassTypeId="21"/>
        <relationshipTypeForClassType typeId="10" targetClassTypeId="8"/>
      </relationshipTypesForClassType>
    </classType>
  </classTypes>
</thesaurusStructure>